,true_value,preds
0,5.240010738372803,5.585163593292236
1,4.281689167022705,5.264853477478027
2,0.00040204665856435895,4.780031204223633
3,0.0,5.432123184204102
4,0.0,3.4892008304595947
5,0.0,4.245208740234375
6,0.0,2.1611568927764893
7,2.109490156173706,4.489369869232178
8,47.644039154052734,5.488600254058838
9,0.0,4.7917680740356445
10,0.0,3.6494052410125732
11,0.9702091813087463,4.170751571655273
12,0.0,3.830832004547119
13,12.541770935058594,3.34358549118042
14,6.287207126617432,4.9999494552612305
15,7.9646735191345215,4.432520866394043
16,2.694549560546875,5.723019123077393
17,0.0,9.30078125
18,0.0,5.288506507873535
19,0.0,3.268244504928589
20,0.0,8.940483093261719
21,0.0,4.455648422241211
22,0.0,5.198657035827637
23,2.862156391143799,3.575739622116089
24,32.817665100097656,3.9704363346099854
25,17.678165435791016,4.393874168395996
26,3.234501600265503,11.038070678710938
27,0.0,5.115059852600098
28,6.830894947052002,4.413913726806641
29,3.6385467052459717,4.06718635559082
30,0.0,4.073371887207031
31,14.255779266357422,4.302031993865967
32,1.3622126579284668,4.594904899597168
33,2.862152099609375,4.4794087409973145
34,0.0,9.619694709777832
35,0.0,2.897141695022583
36,7.317896366119385,3.1962430477142334
37,46.27018356323242,5.078976631164551
38,0.01306768599897623,8.209372520446777
39,0.0,5.2987775802612305
40,0.0,3.7195510864257812
41,5.202662944793701,4.623473167419434
42,0.0,4.494848728179932
43,24.878498077392578,4.096066474914551
44,19.920644760131836,3.9435970783233643
45,0.0,4.317174911499023
46,0.0,3.737393617630005
47,0.0,7.586612701416016
48,0.0,6.794622421264648
49,0.0,6.900416851043701
50,0.0,2.8204562664031982
51,114.57381439208984,10.287691116333008
52,0.0,7.7044997215271
53,0.0,16.518510818481445
54,3.4414570331573486,1.7949904203414917
55,11.705268859863281,3.553370237350464
56,24.220518112182617,4.071422576904297
57,3.3132941722869873,5.336035251617432
58,3.9800000190734863,6.048801422119141
59,0.0,5.70425271987915
60,0.0,3.368941068649292
61,0.0,3.90283465385437
62,2.3142127990722656,8.375465393066406
63,0.0,3.6926987171173096
64,0.0,4.074535846710205
65,0.0,2.9868433475494385
66,3.6219000816345215,6.3647871017456055
67,0.0,5.273496627807617
68,0.0,34.999610900878906
69,1.1978143453598022,7.6323771476745605
70,4.156834125518799,5.55165958404541
71,2.862147808074951,4.55322790145874
72,2.862152099609375,7.493554592132568
73,6.41787052154541,8.061402320861816
74,0.0,5.500289440155029
75,14.452972412109375,4.381911277770996
76,5.724299907684326,4.457483291625977
77,2.862152099609375,13.40498161315918
78,3.927745819091797,5.570610046386719
79,0.0,3.468715190887451
80,7.206091403961182,4.585336208343506
81,13.366790771484375,7.792906284332275
82,20.353425979614258,4.877589702606201
83,13.039987564086914,4.831292152404785
84,0.0,3.5080087184906006
85,0.0,5.241907596588135
86,5.72430419921875,4.439274787902832
87,0.0,3.7583816051483154
88,2.862152099609375,4.701857566833496
89,0.0,7.181593894958496
90,0.0,8.049118041992188
91,0.0,6.077805042266846
92,0.6151105761528015,1.5698573589324951
93,2.8117988109588623,7.756924629211426
94,0.0,3.8645212650299072
95,6.262032985687256,6.319934844970703
96,17.84257698059082,5.8212761878967285
97,0.0,4.046314716339111
98,0.0,5.8732452392578125
99,0.0,4.679412364959717
100,0.0,5.25421142578125
101,0.0,5.027134418487549
102,2.1723859310150146,6.618507385253906
103,5.003246307373047,3.0923612117767334
104,4.905086994171143,3.56182861328125
105,0.0,16.147436141967773
106,5.283588409423828,5.8552632331848145
107,6.373707294464111,8.220239639282227
108,29.431041717529297,4.680328845977783
109,0.0,4.465850830078125
110,5.847150802612305,3.7461020946502686
111,0.0005326450918801129,4.6832146644592285
112,0.0,5.132975101470947
113,0.0,5.40584135055542
114,0.0,6.650908946990967
115,0.0,3.635148286819458
116,0.0,3.9602043628692627
117,0.0,2.5061020851135254
118,6.04182243347168,4.319841384887695
119,16.322546005249023,5.641600608825684
120,1.4922438859939575,5.6982526779174805
121,0.0,5.4405598640441895
122,3.4576587677001953,4.455229759216309
123,0.0,6.130889892578125
124,0.0,5.5450263023376465
125,28.791284561157227,6.079481601715088
126,0.0,11.15615463256836
127,0.0,7.654716491699219
128,0.0,1.8167004585266113
129,0.0,5.939943313598633
130,0.0,3.9392271041870117
131,0.0,5.039816379547119
132,10.904129028320312,4.699179649353027
133,1.3492852449417114,3.47173810005188
134,14.378233909606934,12.988137245178223
135,0.0,4.216735363006592
136,0.9702091813087463,3.4366390705108643
137,2.862152099609375,5.338449954986572
138,6.830894947052002,4.912625312805176
139,0.0,6.150008201599121
140,18.907062530517578,4.151594638824463
141,0.0,5.951775550842285
142,6.373707294464111,5.252153396606445
143,9.799723625183105,6.119992256164551
144,0.0,8.413411140441895
145,0.0,4.0879645347595215
146,1.2421164512634277,3.7791950702667236
147,1.054742455482483,3.5347840785980225
148,0.0,3.5704095363616943
149,2.862152099609375,3.800352096557617
150,0.0,3.6077373027801514
151,19.777666091918945,4.061468124389648
152,0.0,6.6511077880859375
153,0.0,5.4886674880981445
154,0.0,9.777764320373535
155,0.0,21.070833206176758
156,0.0,3.2042338848114014
157,0.0,6.761394023895264
158,5.545802116394043,2.3085973262786865
159,0.0,17.396528244018555
160,8.80050277709961,1.6832962036132812
161,7.0121612548828125,4.46599817276001
162,0.0,4.013538837432861
163,0.0,4.523780822753906
164,21.787633895874023,6.580924034118652
165,8.126912117004395,4.009490013122559
166,0.0,5.1337080001831055
167,0.0,4.877931594848633
168,4.138963222503662,3.8520467281341553
169,0.0,4.726040840148926
170,0.0,4.4487690925598145
171,0.0,4.028059005737305
172,2.862152099609375,5.861059188842773
173,13.080375671386719,4.076055526733398
174,0.0,8.021875381469727
175,0.0,5.890896797180176
176,0.0,5.118745803833008
177,13.789118766784668,7.260434150695801
178,5.72430419921875,3.53902006149292
179,2.236262798309326,16.278778076171875
180,4.067905426025391,5.418635845184326
181,0.0,5.063913822174072
182,28.981678009033203,2.544433832168579
183,11.84539794921875,4.472657203674316
184,0.0,3.543130874633789
185,3.9800000190734863,3.2445068359375
186,0.0,4.150989532470703
187,0.0,5.546353816986084
188,0.0,3.2421345710754395
189,0.0,1.3781752586364746
190,8.064815521240234,9.323356628417969
191,0.0,3.6281981468200684
192,4.943927764892578,4.2425689697265625
193,129.94659423828125,3.002969980239868
194,0.0,3.51588773727417
195,6.477633476257324,5.631556987762451
196,1.6495380401611328,6.782308101654053
197,2.862152099609375,5.742271900177002
198,4.067360877990723,8.004190444946289
199,0.0,4.88890266418457
200,0.0,4.883950233459473
201,22.110891342163086,4.938511371612549
202,2.862152099609375,4.995075702667236
203,5.1374616622924805,5.667744159698486
204,0.0,5.154421806335449
205,0.0,6.102392196655273
206,2.862152099609375,4.368595123291016
207,4.283039569854736,7.879899978637695
208,10.288214683532715,4.963979244232178
209,0.0,7.240299224853516
210,3.997499465942383,3.404184579849243
211,0.0,3.3875572681427
212,21.458345413208008,7.886292934417725
213,7.105568885803223,14.415611267089844
214,1.1430310010910034,12.69504451751709
215,17.57618522644043,4.410804748535156
216,1.0409555435180664,3.9118964672088623
217,0.0,6.119020938873291
218,12.624512672424316,9.551580429077148
219,0.0,9.400968551635742
220,2.862152099609375,4.833763122558594
221,0.0,2.7834739685058594
222,2.862152099609375,2.6534693241119385
223,0.0,3.55790114402771
224,0.0,6.462078094482422
225,2.694553852081299,3.9583027362823486
226,0.16759827733039856,5.505373954772949
227,0.0,8.4784574508667
228,0.0,4.019589900970459
229,0.0,4.6074748039245605
230,3.281656503677368,13.366064071655273
231,5.0626373291015625,6.755908012390137
232,2.862152099609375,4.375430583953857
233,11.660422325134277,4.051497459411621
234,2.001995801925659,4.189730167388916
235,0.0,3.8917088508605957
236,3.6224446296691895,4.239153861999512
237,0.0,4.805699825286865
238,3.7223877906799316,4.541263103485107
239,6.837374687194824,4.559029579162598
240,0.0,6.004107475280762
241,0.0,7.765012741088867
242,0.4178220331668854,4.309041500091553
243,0.0,5.2472333908081055
244,0.0,4.824774265289307
245,4.429740905761719,3.020122766494751
246,4.616785049438477,5.261638164520264
247,0.0,4.400300979614258
248,5.72430419921875,4.263500690460205
249,4.409799098968506,4.407596588134766
250,19.865388870239258,5.165126323699951
251,0.0,5.887618064880371
252,16.029687881469727,5.208523750305176
253,9.611835479736328,22.602258682250977
254,5.72430419921875,9.668688774108887
255,0.0,4.743498802185059
256,6.41787052154541,11.162893295288086
257,3.234501600265503,8.6530122756958
258,0.0,5.265236854553223
259,0.0,5.413294792175293
260,5.538998603820801,3.4139058589935303
261,0.0,4.291868686676025
262,0.0,1.224784255027771
263,2.001995801925659,3.1833057403564453
264,4.031807899475098,5.155918121337891
265,9.863225936889648,4.981700897216797
266,6.096653461456299,11.934709548950195
267,4.11824893951416,4.7124247550964355
268,3.3930935859680176,5.557669639587402
269,16.281309127807617,5.8841962814331055
270,0.0,4.046720504760742
271,0.0006331515614874661,5.366814613342285
272,7.684849739074707,2.8936119079589844
273,6.061428070068359,2.592705011367798
274,0.0,3.3951785564422607
275,5.72430419921875,5.31535530090332
276,2.862152099609375,8.46689224243164
277,0.0,5.3686933517456055
278,3.1105239391326904,5.678747653961182
279,0.0,5.018098831176758
280,12.331897735595703,5.113986492156982
281,3.0425026416778564,4.401880264282227
282,0.0,9.52320384979248
283,10.454139709472656,4.397733688354492
284,5.140777111053467,7.612606048583984
285,0.0,5.549818992614746
286,2.862152099609375,3.608760118484497
287,7.630731105804443,22.275121688842773
288,0.0,6.601521015167236
289,0.0,4.888702392578125
290,0.0,8.302376747131348
291,10.53367805480957,7.717612266540527
292,17.050844192504883,4.959367275238037
293,0.0,4.161766052246094
294,0.0,6.195392608642578
295,0.0,11.917308807373047
296,0.0,5.590834140777588
297,0.0,3.1697494983673096
298,0.0,3.7591164112091064
299,5.72430419921875,8.714303970336914
300,34.1757698059082,3.4492290019989014
301,0.8601562976837158,4.025851249694824
302,0.00011930020264117047,6.691460609436035
303,0.0,9.160063743591309
304,0.0,4.756185531616211
305,0.0,5.9938764572143555
306,0.0,4.5007476806640625
307,7.815157413482666,4.698561668395996
308,0.0,3.4087297916412354
309,0.0,17.884017944335938
310,2.0475738048553467,3.5353949069976807
311,0.0,5.41047477722168
312,2.862152099609375,2.969768762588501
313,0.0,6.604518413543701
314,0.0,5.85139274597168
315,0.0,13.84990406036377
316,0.0,3.4947564601898193
317,7.478943824768066,4.293344020843506
318,7.426063060760498,6.456071853637695
319,7.743587493896484,3.262420177459717
320,4.7118611335754395,13.777154922485352
321,0.0,9.468231201171875
322,0.14172795414924622,8.968511581420898
323,4.195858955383301,8.78753662109375
324,0.0,2.919180154800415
325,18.55506706237793,11.437162399291992
326,0.0,4.482275009155273
327,0.0,3.845369577407837
328,0.0,5.018200874328613
329,0.0,10.097976684570312
330,0.495230108499527,4.585525989532471
331,107.93731689453125,5.407558441162109
332,0.0,8.472223281860352
333,0.0,28.6290225982666
334,2.121990919113159,37.43227767944336
335,0.0,6.331302642822266
336,0.0,5.216228008270264
337,0.0,3.599266767501831
338,0.0,3.2801272869110107
339,0.0,13.902740478515625
340,80.24368286132812,5.7943644523620605
341,0.0,7.353618621826172
342,0.0,3.079416275024414
343,0.0,6.569786548614502
344,0.0,2.7993199825286865
345,3.69846248626709,6.917913436889648
346,2.862152099609375,3.556807279586792
347,2.862152099609375,7.712426662445068
348,0.0,6.711570739746094
349,0.0,6.559928894042969
350,0.0,15.379213333129883
351,5.72430419921875,5.709782123565674
352,2.862152099609375,11.04283332824707
353,0.0,6.261382102966309
354,0.0,3.1641685962677
355,0.0,2.865072727203369
356,10.608765602111816,4.053496360778809
357,0.0,5.782504081726074
358,0.0,5.330902576446533
359,0.0,15.909385681152344
360,3.15671443939209,4.884579658508301
361,0.0,7.993322372436523
362,13.899852752685547,12.317999839782715
363,0.0,4.089794635772705
364,11.2589750289917,9.81816577911377
365,13.386680603027344,3.7359778881073
366,8.62929630279541,3.1198558807373047
367,0.0,5.417981147766113
368,1.9866350889205933,11.501201629638672
369,7.548264980316162,6.328496932983398
370,2.862152099609375,5.224164962768555
371,10.370787620544434,5.831870079040527
372,0.0,5.923150539398193
373,0.0,9.741232872009277
374,1.054742455482483,5.333032131195068
375,0.0,3.8495676517486572
376,2.862152099609375,5.554489612579346
377,5.613173961639404,7.954575538635254
378,0.0,3.6079089641571045
379,0.0,6.852778434753418
380,25.50294303894043,4.5975871086120605
381,89.26024627685547,3.4642622470855713
382,1.487176537513733,13.576878547668457
383,3.9800000190734863,3.275066614151001
384,3.4739010334014893,5.712002277374268
385,4.616791725158691,6.24534797668457
386,8.875864028930664,6.83319091796875
387,1.591193675994873,6.1695146560668945
388,0.0,6.127405166625977
389,0.0,3.0867269039154053
390,0.0,5.300555229187012
391,0.0,4.500255584716797
392,0.0,4.9395928382873535
393,0.0,5.923890113830566
394,0.0,5.782909393310547
395,0.0,3.0145556926727295
396,0.0,4.608664512634277
397,0.0,4.589791297912598
398,0.0,5.860157489776611
399,13.856456756591797,7.868403434753418
400,0.0,6.946630477905273
401,3.15671443939209,5.510537624359131
402,14.901617050170898,4.8293585777282715
403,26.07056999206543,2.957308053970337
404,2.862152099609375,10.85165786743164
405,27.612091064453125,5.802379608154297
406,13.395066261291504,5.681707859039307
407,3.9800000190734863,4.379947662353516
408,4.864143371582031,18.592187881469727
409,6.668647289276123,3.4664249420166016
410,3.893112897872925,3.2775938510894775
411,0.0,18.77260398864746
412,0.00013128593855071813,10.100910186767578
413,5.778424263000488,4.393124103546143
414,2.862516164779663,8.109495162963867
415,6.1859450340271,13.045079231262207
416,2.862152099609375,5.353442192077637
417,0.0,4.7421135902404785
418,4.706512451171875,3.3948986530303955
419,13.270772933959961,5.852591037750244
420,0.0,5.8685431480407715
421,5.72430419921875,4.896869659423828
422,0.0,5.871537208557129
423,2.862152099609375,4.355847358703613
424,0.0,3.900587797164917
425,0.0,7.433864593505859
426,0.0,5.0464701652526855
427,5.381536483764648,5.224464416503906
428,0.0,4.388818740844727
429,2.1355655193328857,4.724472999572754
430,0.0,4.44710636138916
431,10.046982765197754,6.125657081604004
432,0.03173188865184784,2.7800798416137695
433,0.0,4.3335280418396
434,0.0,9.690321922302246
435,5.724299907684326,6.436558246612549
436,2.862152099609375,14.939428329467773
437,0.0,4.244162559509277
438,0.0,5.468363285064697
439,34.728355407714844,3.4375925064086914
440,4.067905426025391,6.0705437660217285
441,39.36009216308594,5.478302955627441
442,0.0,5.248394966125488
443,2.862152099609375,12.692549705505371
444,0.0,4.086826801300049
445,11.699978828430176,3.9425508975982666
446,14.806741714477539,5.838152885437012
447,0.0,5.212588310241699
448,4.503582954406738,4.300693988800049
449,4.541476249694824,4.2090983390808105
450,2.862152099609375,4.014763832092285
451,2.5016167163848877,4.064371109008789
452,0.0,15.547178268432617
453,0.1676025241613388,5.571406841278076
454,0.0,23.134920120239258
455,0.0,4.090424060821533
456,0.0,7.48703670501709
457,2.862152099609375,4.661982536315918
458,3.7223126888275146,4.989411354064941
459,0.0,7.519742965698242
460,0.0,6.318602561950684
461,4.898012161254883,3.7836802005767822
462,3.191486120223999,9.634801864624023
463,2.862152099609375,5.995204925537109
464,7.47146463394165,4.531970977783203
465,9.110918998718262,5.361130237579346
466,2.862152099609375,6.285512924194336
467,6.916087627410889,4.790240287780762
468,0.0,4.200020790100098
469,0.0,4.956319808959961
470,0.0,4.622776508331299
471,2.862152099609375,7.61655330657959
472,0.0,6.27698278427124
473,2.862152099609375,4.483128547668457
474,0.0,8.401252746582031
475,5.72430419921875,5.8468475341796875
476,0.0,5.541461944580078
477,0.0,5.185092926025391
478,7.893461227416992,4.613137245178223
479,0.0,4.272567272186279
480,0.0,4.269303321838379
481,2.862152099609375,5.323881149291992
482,221.8818817138672,4.457815170288086
483,4.996682643890381,3.9468657970428467
484,1.9987447261810303,2.4089343547821045
485,0.0,6.47036600112915
486,0.0,8.255105018615723
487,2.862152099609375,6.1614580154418945
488,2.694549560546875,4.93370246887207
489,0.0,13.604544639587402
490,0.0,4.016806602478027
491,11.803220748901367,1.846347451210022
492,5.315285682678223,4.064904689788818
493,2.3011226654052734,10.556123733520508
494,4.429734230041504,4.379631996154785
495,2.862152099609375,5.199268341064453
496,2.862152099609375,5.22431755065918
497,2.862152099609375,4.7367377281188965
498,0.0,5.543618679046631
499,0.0,3.9933724403381348
500,0.0,5.102572441101074
501,0.9733748435974121,4.40468692779541
502,0.0,4.969291687011719
503,2.3142127990722656,4.954863548278809
504,0.0,3.93861985206604
505,0.0,9.410249710083008
506,0.0,2.402090311050415
507,0.0,4.2871599197387695
508,0.0,4.631267547607422
509,7.30491828918457,10.114750862121582
510,0.0,9.283822059631348
511,31.304346084594727,4.954957962036133
512,8.797869682312012,8.09607219696045
513,0.0,4.056515216827393
514,26.3818416595459,6.647955417633057
515,5.379528045654297,6.631723403930664
516,0.028698628768324852,3.8765645027160645
517,23.296382904052734,3.9233548641204834
518,6.660929203033447,2.995145082473755
519,17.050844192504883,4.108086109161377
520,0.0,9.390298843383789
521,2.862152099609375,4.9922919273376465
522,2.0581600666046143,3.6280267238616943
523,0.0,4.726286888122559
524,0.0,10.437667846679688
525,0.0,4.3338494300842285
526,0.0,3.450568914413452
527,0.0,5.141201972961426
528,0.0,2.3140645027160645
529,0.0,3.028733491897583
530,0.0,3.16867733001709
531,18.38923454284668,4.913902282714844
532,5.3039231300354,9.973565101623535
533,0.0,4.093051433563232
534,0.0,7.091396808624268
535,10.046982765197754,8.777161598205566
536,0.0,6.516755104064941
537,0.0,4.414158821105957
538,0.0,5.032048225402832
539,0.0,6.1688618659973145
540,0.0,3.887293577194214
541,0.0,8.569731712341309
542,2.862152099609375,5.160785675048828
543,0.0,20.256351470947266
544,6.486429691314697,3.963968276977539
545,2.862152099609375,4.4339141845703125
546,0.0,5.254875183105469
547,2.862152099609375,3.0772206783294678
548,5.613924980163574,4.6218132972717285
549,1.5340996980667114,4.765317440032959
550,0.0,4.004802227020264
551,2.862147808074951,2.894670248031616
552,31.762596130371094,5.794461250305176
553,0.0,3.4109318256378174
554,28.543710708618164,3.9254724979400635
555,6.736311435699463,4.095709323883057
556,0.0,4.033736705780029
557,6.249073028564453,13.924582481384277
558,8.139887809753418,3.6679835319519043
559,7.629008769989014,3.2814834117889404
560,0.0,4.377767562866211
561,7.108927249908447,3.9217288494110107
562,2.862152099609375,4.405742645263672
563,9.809971809387207,4.959359169006348
564,0.0,5.861760139465332
565,6.950213432312012,3.785970449447632
566,8.392497062683105,4.374337196350098
567,2.8748366832733154,4.940164566040039
568,0.0,8.364405632019043
569,17.92841911315918,7.488043785095215
570,0.0,14.811136245727539
571,0.0,4.8197174072265625
572,0.0,6.311673641204834
573,4.886613368988037,6.302367210388184
574,0.0,4.925686836242676
575,0.0,4.657726764678955
576,2.8625376224517822,2.8391292095184326
577,2.848698854446411,3.772937059402466
578,2.7252955436706543,9.890656471252441
579,29.458127975463867,4.5484089851379395
580,0.0,9.790130615234375
581,0.0,7.596183776855469
582,0.0,7.6405110359191895
583,0.0,2.7979390621185303
584,0.0,3.637134313583374
585,5.649911880493164,6.44017219543457
586,0.0,6.197439670562744
587,2.447282552719116,3.661787986755371
588,0.0,2.1906208992004395
589,0.0,3.3002102375030518
590,2.862152099609375,34.668052673339844
591,5.754120349884033,5.692383766174316
592,5.474133491516113,4.781546592712402
593,2.862152099609375,4.318376064300537
594,2.862152099609375,6.07885217666626
595,0.0,5.110293388366699
596,0.0,4.091214656829834
597,0.0,5.758304595947266
598,7.921227931976318,21.73624038696289
599,2.8490800857543945,4.261592388153076
600,18.631526947021484,7.46330451965332
601,10.154420852661133,9.92580795288086
602,0.0,4.923271179199219
603,0.0,4.716488838195801
604,0.0,5.486303329467773
605,14.569060325622559,5.084916591644287
606,8.616332054138184,4.362146377563477
607,5.7915215492248535,4.056212425231934
608,3.848865270614624,6.399595260620117
609,0.013065917417407036,5.1276068687438965
610,0.0,2.9948983192443848
611,2.862152099609375,4.670945167541504
612,0.0,2.557983636856079
613,2.862152099609375,3.388315439224243
614,0.0,4.8331708908081055
615,0.0,4.91447114944458
616,2.862152099609375,5.720452785491943
617,8.564931869506836,3.4933998584747314
618,0.0,6.214775085449219
619,2.236262798309326,3.999159574508667
620,0.0,3.1023550033569336
621,0.0,11.362266540527344
622,0.0,4.42985200881958
623,0.0,5.299290657043457
624,5.933284282684326,5.369349002838135
625,27.818143844604492,5.735151290893555
626,2.862152099609375,5.279418468475342
627,57.84300994873047,6.18349027633667
628,0.0,4.390169143676758
629,4.8273024559021,5.45123815536499
630,0.0,7.394061088562012
631,0.0,4.736036777496338
632,0.0,6.4780707359313965
633,1.8096667528152466,5.734471321105957
634,0.0,5.795040130615234
635,0.0,5.536320686340332
636,0.0,3.7579853534698486
637,9.577174186706543,3.3142499923706055
638,0.0,11.231263160705566
639,6.04182243347168,4.394492149353027
640,8.090692520141602,9.121271133422852
641,0.0,5.228098392486572
642,0.0,6.338428020477295
643,0.0,4.830530166625977
644,4.380117893218994,5.533453941345215
645,8.003093719482422,2.2473995685577393
646,0.0,4.202542304992676
647,0.0,5.319565773010254
648,0.0,4.062877655029297
649,3.806032657623291,5.571586608886719
650,7.30491828918457,6.376345634460449
651,5.432577133178711,3.0245299339294434
652,0.0,4.024761199951172
653,0.0,8.15765380859375
654,0.0,8.156866073608398
655,0.0,5.859320640563965
656,0.0,5.288765907287598
657,0.0,7.617474555969238
658,25.502294540405273,5.619731903076172
659,10.284611701965332,4.704771041870117
660,2.862152099609375,8.957171440124512
661,5.825789451599121,5.221189022064209
662,0.0,10.189491271972656
663,4.246775150299072,4.800631523132324
664,1.4306106567382812,11.185468673706055
665,0.0,2.7221782207489014
666,5.288720607757568,5.52061128616333
667,0.0,11.850202560424805
668,5.72430419921875,6.886765480041504
669,2.5016167163848877,10.153188705444336
670,5.613924980163574,5.999789237976074
671,11.260628700256348,5.553524494171143
672,0.0,5.877677917480469
673,2.862152099609375,6.672867774963379
674,0.0,4.269746780395508
675,0.0,5.903803825378418
676,0.0,4.1578898429870605
677,0.0,6.9984331130981445
678,0.0,3.6995973587036133
679,0.0,1.9298951625823975
680,0.0,4.004294395446777
681,0.0,6.720130920410156
682,0.0,5.497251033782959
683,20.58171272277832,1.8639540672302246
684,0.0,7.052495956420898
685,0.0,3.6607682704925537
686,2.862152099609375,4.483373165130615
687,0.0,5.271865367889404
688,0.0,6.043733596801758
689,0.026598723605275154,8.494592666625977
690,10.854269981384277,5.580523490905762
691,4.246775150299072,5.363834381103516
692,0.0,5.353522300720215
693,0.0,3.5455713272094727
694,16.150461196899414,2.6371920108795166
695,4.541476249694824,10.002510070800781
696,0.0,4.4993977546691895
697,0.0,4.3528242111206055
698,0.0,7.197078704833984
699,0.0,6.497776031494141
700,8.695849418640137,4.739648342132568
701,7.444880962371826,5.695711135864258
702,5.783083438873291,3.9706788063049316
703,0.0,11.43589973449707
704,2.862152099609375,4.399425983428955
705,6.60020112991333,4.978969573974609
706,2.862152099609375,4.436057090759277
707,0.0,4.35270357131958
708,0.0,3.268803834915161
709,0.0,6.944771766662598
710,7.145191669464111,5.223330497741699
711,4.729585647583008,8.071085929870605
712,0.0002499528636690229,2.5014493465423584
713,0.0,2.1364481449127197
714,0.0,7.2754387855529785
715,0.0,5.723093032836914
716,0.0,5.839017391204834
717,0.0,12.493402481079102
718,12.934460639953613,4.83663272857666
719,2.862152099609375,4.980255126953125
720,0.0,7.524521350860596
721,0.0,5.790866374969482
722,2.7110178470611572,3.96148419380188
723,5.102437973022461,8.26391887664795
724,12.6287260055542,12.346118927001953
725,4.579051971435547,4.780562877655029
726,0.0,8.897165298461914
727,0.0,7.947934627532959
728,0.0,4.512007713317871
729,2.862152099609375,6.819366931915283
730,2.862152099609375,5.384186267852783
731,0.0,3.9144833087921143
732,0.0,5.356110095977783
733,0.0,3.7583343982696533
734,0.0,5.373249530792236
735,23.478397369384766,4.414173126220703
736,32.07760238647461,5.189454555511475
737,2.862152099609375,5.595916271209717
738,1.5340996980667114,5.948389053344727
739,2.552269458770752,4.733451843261719
740,9.735922813415527,6.580327033996582
741,0.0,4.827406406402588
742,0.0,4.40889835357666
743,0.0,3.3576250076293945
744,0.0,7.985162258148193
745,0.0,5.696046829223633
746,0.0,11.023540496826172
747,2.5016167163848877,3.7527272701263428
748,9.927949905395508,4.7563323974609375
749,2.862152099609375,4.928595066070557
750,0.0,3.8150439262390137
751,0.0,5.740999698638916
752,5.72430419921875,4.87479305267334
753,4.807959079742432,2.7093498706817627
754,0.0,4.1299238204956055
755,1.6826990842819214,3.8426425457000732
756,0.0,6.774738311767578
757,0.0,4.049304008483887
758,0.0,7.367069244384766
759,0.0,5.8585357666015625
760,4.246775150299072,6.518179416656494
761,10.227306365966797,3.2695302963256836
762,6.715022563934326,5.405557632446289
763,7.548264980316162,4.851222515106201
764,0.0,5.308656692504883
765,23.30048942565918,4.631463050842285
766,5.72430419921875,8.094890594482422
767,1.400310754776001,6.469577789306641
768,0.0,6.727044105529785
769,0.0,3.4845097064971924
770,5.972675800323486,4.862011909484863
771,1.8422019481658936,12.082837104797363
772,0.0,5.781029224395752
773,0.0,6.93477201461792
774,4.292910099029541,4.2696146965026855
775,3.7192080526438076e-06,7.093993186950684
776,0.0,3.419335126876831
777,2.862152099609375,4.436039924621582
778,0.0,4.670145034790039
779,0.0,4.075311183929443
780,0.0,3.3541595935821533
781,0.0,3.4035866260528564
782,0.0,6.136655807495117
783,0.0,4.539339542388916
784,0.0,4.522759914398193
785,6.60020112991333,5.378419399261475
786,2.862152099609375,5.089916706085205
787,2.862152099609375,2.7497334480285645
788,0.0,3.05328106880188
789,6.830894947052002,5.3607306480407715
790,5.632864952087402,4.62539005279541
791,0.0,3.724616050720215
792,1.674381971359253,5.43596887588501
793,0.0,6.747598648071289
794,21.06656265258789,5.567310333251953
795,2.862152099609375,5.240538120269775
796,11.039469718933105,3.1216046810150146
797,0.0,6.305949687957764
798,0.0,2.624234437942505
799,0.0,3.7052996158599854
800,1.5681084732932504e-06,5.70127534866333
801,2.862152099609375,5.868216037750244
802,0.0,4.190373420715332
803,6.486429691314697,7.286674976348877
804,5.715999126434326,3.408616542816162
805,0.0,2.8374087810516357
806,0.0,5.32639217376709
807,0.9702091813087463,5.001905918121338
808,2.862152099609375,6.231125831604004
809,0.0,3.2532119750976562
810,0.0,5.6257405281066895
811,0.0,5.438699245452881
812,0.0,6.4004621505737305
813,9.233607292175293,6.226008892059326
814,2.862152099609375,3.5981078147888184
815,13.203248023986816,3.8240771293640137
816,6.830894947052002,7.159069061279297
817,2.7110178470611572,5.5389204025268555
818,0.0,4.830745697021484
819,1.0547407865524292,9.714417457580566
820,4.807959079742432,5.834919452667236
821,2.862152099609375,17.76495361328125
822,3.893112897872925,6.006109714508057
823,24.455747604370117,5.9978532791137695
824,0.0,4.308017253875732
825,0.0,5.340749263763428
826,3.0840253829956055,4.816631317138672
827,3.3930935859680176,3.804093360900879
828,5.295949935913086,6.111716270446777
829,0.0,6.039436340332031
830,0.0,10.442249298095703
831,26.445114135742188,4.570423126220703
832,0.0,9.983800888061523
833,0.0,6.44196081161499
834,2.862152099609375,6.079387187957764
835,0.0,4.366265296936035
836,3.15671443939209,7.003835678100586
837,2.862152099609375,4.599695205688477
838,0.0,6.536897659301758
839,2.570425271987915,10.24101734161377
840,10.783379554748535,5.434739589691162
841,0.0,5.186757564544678
842,0.0,5.886417388916016
843,0.0,9.226394653320312
844,0.0,9.620607376098633
845,0.0,6.210212707519531
846,9.192512512207031,4.98809289932251
847,34.12447738647461,7.681517124176025
848,0.0,5.490729808807373
849,0.0,5.239204406738281
850,0.0,5.22426700592041
851,0.0,6.273895263671875
852,9.574853897094727,5.088606834411621
853,19.032672882080078,7.195255279541016
854,0.0,9.997435569763184
855,0.0,3.2405221462249756
856,7.184830188751221,6.384908676147461
857,11.378430366516113,5.469258785247803
858,0.0,7.8369035720825195
859,0.0,4.270869255065918
860,0.0,4.356598377227783
861,2.4298970699310303,3.9524495601654053
862,0.0,5.936435699462891
863,0.0,18.023298263549805
864,0.0,4.820710182189941
865,0.0,5.091029167175293
866,7.921227931976318,6.172712802886963
867,0.0,7.485202789306641
868,0.0,8.315589904785156
869,2.862152099609375,4.312743186950684
870,2.862152099609375,10.275029182434082
871,7.366216659545898,4.605237007141113
872,9.013556480407715,6.3816237449646
873,0.007006497588008642,5.17510986328125
874,6.686275005340576,6.594861030578613
875,0.0,6.134277820587158
876,2.862152099609375,4.773109436035156
877,0.0,6.21330451965332
878,0.0,5.682852268218994
879,0.0,4.526060581207275
880,0.0,13.66856861114502
881,2.862152099609375,6.732163906097412
882,0.0,7.282835006713867
883,0.0,5.463997840881348
884,0.0,5.5329179763793945
885,25.042905807495117,8.494011878967285
886,5.72430419921875,4.6783552169799805
887,0.0,6.670069694519043
888,5.613924980163574,5.036646842956543
889,0.0,4.539958953857422
890,2.862152099609375,4.594677448272705
891,3.281656503677368,3.5385477542877197
892,0.0,5.284060001373291
893,0.0,4.97074556350708
894,0.0,15.391668319702148
895,0.0,5.154119491577148
896,19.32087516784668,4.0968523025512695
897,3.187708854675293,4.391682147979736
898,0.0,3.7623002529144287
899,0.0,3.0520637035369873
900,0.0,4.1114373207092285
901,2.862152099609375,3.895589590072632
902,0.0,7.86458683013916
903,0.0,13.914763450622559
904,0.0,5.9074835777282715
905,0.0,15.110387802124023
906,6.755265235900879,12.077362060546875
907,2.862152099609375,2.5124311447143555
908,0.0,4.420362949371338
909,25.942201614379883,15.43590259552002
910,6.689786911010742,4.8928446769714355
911,0.4148190915584564,7.043756484985352
912,0.0,4.649681568145752
913,0.0,4.120844841003418
914,0.0,3.8744137287139893
915,1.0988333225250244,3.8912782669067383
916,0.0,6.550595283508301
917,0.0,9.892444610595703
918,0.0,26.164575576782227
919,0.0,6.844011306762695
920,1.0409555435180664,7.020251274108887
921,0.0,5.510934352874756
922,0.0,4.928093910217285
923,6.486429691314697,5.233149528503418
924,2.862152099609375,3.6662685871124268
925,2.862152099609375,9.544858932495117
926,0.0,3.4908716678619385
927,0.0,2.9242382049560547
928,2.862152099609375,6.720880508422852
929,0.0,5.2700724601745605
930,0.0,6.258184432983398
931,0.0,20.589397430419922
932,0.0,7.973991394042969
933,7.522733211517334,5.919139862060547
934,0.0,5.93355655670166
935,0.0,4.986471176147461
936,0.0,5.078078746795654
937,2.862152099609375,3.3611323833465576
938,0.0,5.510194778442383
939,2.862152099609375,4.270491123199463
940,0.0,8.013914108276367
941,2.862152099609375,5.462265968322754
942,0.0,6.21654748916626
943,0.0,5.715394020080566
944,0.0,7.238458633422852
945,0.0,4.02409553527832
946,0.0,5.265542030334473
947,0.0,5.834131240844727
948,2.862152099609375,4.766245365142822
949,0.0,5.277519226074219
950,0.0,7.040748596191406
951,0.0,4.971248149871826
952,0.0,4.944924831390381
953,0.0,2.944483518600464
954,4.703136444091797,3.726890802383423
955,9.205190658569336,4.487864017486572
956,0.0,5.90429162979126
957,0.0,23.231874465942383
958,1.2709661722183228,7.1986775398254395
959,2.8567562103271484,5.544619560241699
960,6.646157741546631,6.242786407470703
961,17.65754508972168,6.70186710357666
962,0.0,4.8554840087890625
963,0.0,1.9156785011291504
964,0.0,4.557558059692383
965,0.0,5.3472900390625
966,0.0,4.7160797119140625
967,2.8643908500671387,5.444585800170898
968,0.16212651133537292,4.101144790649414
969,27.27169418334961,6.209293842315674
970,0.0,6.5513434410095215
971,3.328582525253296,2.856658697128296
972,5.058706283569336,16.753604888916016
973,11.645240783691406,7.260001182556152
974,0.0,3.480409860610962
975,0.0,4.143635272979736
976,3.965256929397583,2.4810404777526855
977,0.0,6.9574151039123535
978,0.5699523091316223,5.3277363777160645
979,0.0,3.5546622276306152
980,0.0,5.080961227416992
981,1.9904471635818481,4.555970668792725
982,5.512351989746094,1.3580650091171265
983,2.4178601961466484e-05,6.865239143371582
984,3.872849941253662,3.678340196609497
985,9.437233924865723,5.292686939239502
986,4.684230327606201,5.297335147857666
987,5.768607139587402,2.6552984714508057
988,0.0,5.04430627822876
989,0.0,6.548062324523926
990,0.0,5.74528694152832
991,3.5270705223083496,4.6518049240112305
992,0.0,8.858940124511719
993,0.0,3.356990098953247
994,0.0,2.8312957286834717
995,8.580767631530762,3.8720862865448
996,139.28564453125,11.660831451416016
997,4.914408206939697,5.737834453582764
998,0.0,8.168694496154785
999,0.0,4.742054462432861
1000,0.0,24.245344161987305
1001,3.0569396018981934,7.845725059509277
1002,10.042823791503906,5.200995445251465
1003,5.8223772048950195,4.962576389312744
1004,0.0,7.820379734039307
1005,0.0,5.788588523864746
1006,0.0,10.55012321472168
1007,2.859001874923706,7.347933292388916
1008,0.0,3.5553090572357178
1009,0.0,4.792185306549072
1010,3.3550949096679688,4.755998611450195
1011,17.67626953125,4.744936943054199
1012,0.0,5.914752006530762
1013,0.0,4.373079299926758
1014,0.0,6.979890823364258
1015,4.428768634796143,4.510558605194092
1016,0.0,3.396387815475464
1017,0.0,4.029754638671875
1018,0.0,4.098535537719727
1019,0.0,3.9740731716156006
1020,6.1479411125183105,4.1164093017578125
1021,25.981760025024414,4.331496238708496
1022,0.0,5.6333231925964355
1023,0.0,4.665761947631836
1024,0.0,0.6529513597488403
1025,5.373901844024658,7.956632614135742
1026,4.857093334197998,4.568553924560547
1027,6.731704235076904,7.222071647644043
1028,0.0,5.10996150970459
1029,0.0,3.6326019763946533
1030,8.460176467895508,5.833773612976074
1031,5.826702117919922,3.939692258834839
1032,7.47623348236084,32.80167007446289
1033,2.7278618812561035,4.202260971069336
1034,0.0,6.395525932312012
1035,0.0,4.843071460723877
1036,0.9690850377082825,4.607071876525879
1037,0.0,4.15462589263916
1038,0.0,4.068556785583496
1039,2.863283157348633,3.329373598098755
1040,23.448345184326172,5.489130973815918
1041,0.0,4.502664089202881
1042,21.627418518066406,4.261577606201172
1043,0.0,4.536606788635254
1044,0.0,4.240761756896973
1045,0.0,3.562429428100586
1046,2.8589820861816406,3.754720687866211
1047,0.0,2.0389020442962646
1048,0.0,3.9946000576019287
1049,0.0,5.592372417449951
1050,0.0,5.1819610595703125
1051,2.7516682147979736,3.7520387172698975
1052,0.0,4.061429500579834
1053,9.097230911254883,10.455893516540527
1054,0.0,3.5486385822296143
1055,0.0,6.276295185089111
1056,0.0,2.4997153282165527
1057,0.0,6.040073871612549
1058,4.105767726898193,4.323231220245361
1059,3.295574188232422,6.3669819831848145
1060,0.0,6.07206916809082
1061,0.0,2.6169803142547607
1062,1.1227338314056396,5.309596538543701
1063,2.8325459957122803,4.488084316253662
1064,0.0,3.9250986576080322
1065,6.271124362945557,4.739450931549072
1066,3.9112319946289062,4.055961608886719
1067,0.0,3.851269483566284
1068,16.987628936767578,4.178242206573486
1069,3.5098323822021484,4.618151664733887
1070,0.0,5.349796772003174
1071,0.0,5.103828430175781
1072,5.777319431304932,8.498878479003906
1073,0.0,3.2873198986053467
1074,0.0,9.437891006469727
1075,1.0534192323684692,4.627565383911133
1076,0.0,2.8558552265167236
1077,0.0,6.039237976074219
1078,0.0,6.372579574584961
1079,7.1965250968933105,5.907229423522949
1080,0.0,3.3511626720428467
1081,0.0,2.4977800846099854
1082,2.9046590328216553,2.23528790473938
1083,3.742842674255371,5.058602809906006
1084,0.0,6.457503318786621
1085,0.0,4.108924865722656
1086,0.0,4.696098804473877
1087,74.35270690917969,4.3835015296936035
1088,0.0,8.587316513061523
1089,1.472159743309021,5.372166633605957
1090,5.924083709716797,6.320398807525635
1091,0.0,5.243566513061523
1092,0.0,2.443740129470825
1093,5.004035472869873,3.859248399734497
1094,5.149958610534668,5.809314727783203
1095,0.0,9.558342933654785
1096,0.0,6.467832088470459
1097,0.0,6.598712921142578
1098,0.0,6.617795467376709
1099,0.0,4.621799468994141
1100,13.798338890075684,10.734354019165039
1101,0.0,3.302442789077759
1102,0.0,4.747229099273682
1103,0.0,5.492921829223633
1104,0.0,4.393126964569092
1105,0.0,6.172579288482666
1106,1.1786450147628784,3.2676665782928467
1107,28.68113136291504,2.3695404529571533
1108,14.450254440307617,4.592868804931641
1109,0.0010520603973418474,3.365323305130005
1110,0.0,4.362455368041992
1111,5.481706142425537,3.2785215377807617
1112,15.93193244934082,3.497711420059204
1113,3.1371819972991943,4.041641712188721
1114,0.002875202102586627,6.344156742095947
1115,82.77252960205078,4.704185485839844
1116,0.0,8.033283233642578
1117,26.420978546142578,4.7848920822143555
1118,9.692170143127441,3.052304744720459
1119,1.9453424215316772,5.702889919281006
1120,13.285760879516602,6.2663960456848145
1121,0.0,4.998312950134277
1122,0.0,3.6939327716827393
1123,0.0,3.5861544609069824
1124,21.535520553588867,2.4726619720458984
1125,41.33536911010742,7.308417797088623
1126,8.014122009277344,4.481029510498047
1127,2.8987462520599365,5.468976020812988
1128,0.0,4.9356513023376465
1129,4.224141597747803,7.234685897827148
1130,0.0,6.403158187866211
1131,19.86400032043457,4.545123100280762
1132,0.0,4.634309768676758
1133,0.0,3.898667573928833
1134,5.367824077606201,2.362346887588501
1135,5.481119632720947,3.611123561859131
1136,4.689450740814209,17.27174186706543
1137,0.0,3.657667875289917
1138,7.475700855255127,8.001259803771973
1139,6.808432102203369,22.39875602722168
1140,0.0,9.8948974609375
1141,0.0,4.271766662597656
1142,0.0,5.2857842445373535
1143,0.0,5.219880104064941
1144,2.6265530586242676,5.597372531890869
1145,18.654138565063477,3.5331358909606934
1146,0.0,5.396172046661377
1147,0.0,7.622625350952148
1148,0.0,4.946845054626465
1149,3.0477449893951416,5.448878765106201
1150,0.0,3.386765956878662
1151,2.6265764236450195,3.3656527996063232
1152,0.0,4.073146820068359
1153,0.0,3.4740893840789795
1154,0.0,7.1183977127075195
1155,0.0,2.165699005126953
1156,2.7516682147979736,4.836361885070801
1157,0.0,3.1428885459899902
1158,7.4092817306518555,2.8551671504974365
1159,61.83694839477539,5.553241729736328
1160,5.721133708953857,4.442557334899902
1161,3.3625009059906006,4.771816253662109
1162,17.631141662597656,4.982595920562744
1163,2.727715492248535,6.989620208740234
1164,45.06901168823242,4.309878349304199
1165,1.9592286548686388e-07,6.395290374755859
1166,6.12772274017334,4.636951446533203
1167,10.682239532470703,4.521416187286377
1168,5.521019458770752,7.032553195953369
1169,0.0,4.75477933883667
1170,0.0,8.509149551391602
1171,9.136698722839355,9.366392135620117
1172,2.969442367553711,8.304466247558594
1173,0.0,8.403685569763184
1174,0.0,3.7136189937591553
1175,0.0,4.776745796203613
1176,0.0,4.051107406616211
1177,0.0,3.6336610317230225
1178,2.8585593700408936,5.385644912719727
1179,4.99922513961792,5.3188252449035645
1180,6.049591541290283,6.215920925140381
1181,0.0,11.409303665161133
1182,0.0,6.197286128997803
1183,3.1569416522979736,4.9868974685668945
1184,0.0,16.556249618530273
1185,0.0,4.425304889678955
1186,0.0,4.1982269287109375
1187,0.00575253227725625,5.252859115600586
1188,2.852806806564331,7.0804338455200195
1189,0.0,4.53336238861084
1190,3.6646158695220947,2.5751893520355225
1191,11.979959487915039,7.553199291229248
1192,3.8881819248199463,4.4936652183532715
1193,0.0,4.82634162902832
1194,5.473783493041992,6.267194747924805
1195,14.45984935760498,7.384925842285156
1196,2.5195783237563774e-09,11.261940002441406
1197,6.7549543380737305,5.0017242431640625
1198,0.0,6.103728294372559
1199,15.706223487854004,6.857040882110596
1200,7.261013507843018,5.295407295227051
1201,6.912903785705566,9.362747192382812
1202,0.021662548184394836,11.033053398132324
1203,0.0,5.4463911056518555
1204,0.0,4.506831169128418
1205,0.0,5.369391918182373
1206,2.2890255451202393,6.195302486419678
1207,0.0,20.547760009765625
1208,1.042929768562317,5.4094109535217285
1209,0.0,4.103918075561523
1210,0.9689916968345642,4.672425270080566
1211,7.453512668609619,4.739663124084473
1212,0.0,8.970438957214355
1213,2.7482099533081055,5.564645290374756
1214,8.602918387623504e-05,6.695125102996826
1215,0.0,4.385737419128418
1216,0.0,6.21615743637085
1217,0.0,10.155782699584961
1218,1.322331190109253,5.360655307769775
1219,0.0,4.733278274536133
1220,0.0,4.208280086517334
1221,18.156719207763672,7.460272789001465
1222,2.833857297897339,7.191045761108398
1223,10.457696914672852,3.501188039779663
1224,0.1018238291144371,6.6685028076171875
1225,2.8722524642944336,4.545901298522949
1226,2.8599295616149902,7.97028923034668
1227,0.0,4.826083183288574
1228,19.488313674926758,4.360483169555664
1229,6.078404903411865,6.585632801055908
1230,15.433492660522461,15.766839981079102
1231,2.751811981201172,5.132922172546387
1232,7.446712970733643,6.727497577667236
1233,5.6627726554870605,5.612453460693359
1234,0.0,5.205955982208252
1235,0.0,7.3528032302856445
1236,0.0,6.66600227355957
1237,9.832420349121094,5.3889031410217285
1238,3.8217060565948486,4.287703037261963
1239,3.607527256011963,4.658174514770508
1240,0.0,7.9773359298706055
1241,4.501955509185791,5.1084818840026855
1242,4.674984455108643,4.260436534881592
1243,2.908653974533081,7.85120964050293
1244,0.0,6.399653434753418
1245,2.9579906463623047,4.309692859649658
1246,4.795263767242432,3.709104061126709
1247,4.036019325256348,2.954017162322998
1248,0.0,8.423765182495117
1249,2.959819793701172,3.051831007003784
1250,108.97377014160156,4.911014080047607
1251,2.652406692504883,24.43056297302246
1252,0.0,6.000871658325195
1253,3.0477449893951416,3.1147329807281494
1254,2.0704410076141357,5.552711486816406
1255,0.15855740010738373,4.3625311851501465
1256,0.732145369052887,3.478576898574829
1257,2.2959017753601074,4.615583896636963
1258,11.927358627319336,3.971505641937256
1259,0.0,5.164539813995361
1260,0.0,4.225261211395264
1261,8.04798698425293,20.401704788208008
1262,0.0,9.977630615234375
1263,0.0,10.14627742767334
1264,7.695626735687256,10.768633842468262
1265,12.769159317016602,5.107609272003174
1266,115.19470977783203,7.474427223205566
1267,7.786404609680176,9.366606712341309
1268,2.727714776992798,5.263824462890625
1269,2.8332467079162598,5.721780776977539
1270,2.976987838745117,3.5388338565826416
1271,8.314656257629395,7.561553001403809
1272,6.916329383850098,6.432797431945801
1273,3.004352569580078,3.747326612472534
1274,0.14179088175296783,3.0473296642303467
1275,8.595335960388184,3.7498958110809326
1276,18.2686824798584,3.9087791442871094
1277,0.0,4.6528191566467285
1278,27.34722900390625,4.377364158630371
1279,5.301754951477051,7.075300216674805
1280,0.0,2.931330442428589
1281,0.0,3.08428692817688
1282,0.0,6.46232271194458
1283,6.9008307456970215,23.783235549926758
1284,0.0029391516000032425,37.8454475402832
1285,3.1461424827575684,4.033365726470947
1286,0.0,4.11987829208374
1287,11.048181533813477,9.020488739013672
1288,3.1499109268188477,3.9852182865142822
1289,0.0,5.323711395263672
1290,3.087449312210083,5.028609752655029
1291,0.0,4.607024192810059
1292,10.253304481506348,2.9868714809417725
1293,2.7404839992523193,3.158879518508911
1294,14.377411842346191,6.090113162994385
1295,0.0,6.004368305206299
1296,0.0,3.9518492221832275
1297,0.0,6.370026111602783
1298,0.0,9.89538860321045
1299,1.8231042623519897,3.9462931156158447
1300,0.0,10.030451774597168
1301,8.006921792258481e-10,4.300809383392334
1302,7.245475769042969,3.5940465927124023
1303,10.84171199798584,4.031924724578857
1304,0.0,3.864931583404541
1305,10.493478775024414,5.851662635803223
1306,230.55657958984375,5.717134952545166
1307,23.86261558532715,4.481470584869385
1308,2.9188337326049805,2.6539111137390137
1309,32.449703216552734,4.822812080383301
1310,0.0,2.955195665359497
1311,5.419161796569824,4.417750835418701
1312,0.0,5.09499454498291
1313,2.4511499404907227,2.651731014251709
1314,0.0,3.5222954750061035
1315,0.0,6.272919654846191
1316,0.0,6.509218215942383
1317,0.0,5.3801774978637695
1318,0.0,5.360172271728516
1319,2.343794107437134,4.361987590789795
1320,6.214407444000244,5.349923610687256
1321,5.881653308868408,4.218506813049316
1322,0.0,5.088282108306885
1323,4.33755350112915,5.940710067749023
1324,6.93392276763916,8.834214210510254
1325,0.0,8.866147994995117
1326,0.0,10.969930648803711
1327,6.311573505401611,3.870251417160034
1328,4.114861011505127,4.960279941558838
1329,3.0579079179915425e-07,4.533564567565918
1330,9.48949146270752,5.268743991851807
1331,6.952783584594727,3.5861597061157227
1332,18.94791603088379,4.155979156494141
1333,26.170209884643555,3.2430930137634277
1334,3.92996883392334,5.08785343170166
1335,13.264965057373047,9.84206771850586
1336,2.5487606525421143,3.3714473247528076
1337,0.0,3.6428511142730713
1338,25.03333282470703,4.8273797035217285
1339,4.938690662384033,7.419497489929199
1340,5.449616432189941,5.073544979095459
1341,1.5824438333511353,3.5489461421966553
1342,0.0,4.440690040588379
1343,0.0,3.4741742610931396
1344,2.925244092941284,14.692813873291016
1345,4.807568550109863,23.55747413635254
1346,3.830868721008301,5.572513103485107
1347,13.24303150177002,4.393407821655273
1348,20.25246810913086,3.1078929901123047
1349,0.0,3.7797935009002686
1350,0.0,4.84081506729126
1351,0.0,4.077397346496582
1352,0.0,4.729642868041992
1353,2.96944260597229,3.8589468002319336
1354,0.0,4.341967582702637
1355,2.9651803970336914,4.931343078613281
1356,4.097376950085163e-05,4.816624641418457
1357,13.340465545654297,4.248266220092773
1358,3.1223485469818115,4.6579976081848145
1359,0.0,7.694042682647705
1360,0.0,4.128096103668213
1361,15.855281829833984,6.735039234161377
1362,13.744096755981445,6.0967512130737305
1363,0.0,3.5139822959899902
1364,8.617130279541016,3.618807554244995
1365,43.316165924072266,3.7407543659210205
1366,39.131134033203125,7.893517971038818
1367,0.0,6.093477249145508
1368,0.0,5.806984901428223
1369,17.281068801879883,5.062307357788086
1370,0.0,5.8230462074279785
1371,0.0,3.564279079437256
1372,4.215270519256592,7.978738784790039
1373,0.0,5.057456970214844
1374,0.0,4.5041093826293945
1375,0.0,6.317387580871582
1376,0.0,5.062841892242432
1377,0.0,6.8778533935546875
1378,2.0016963481903076,4.7805986404418945
1379,1.5107632875442505,13.323978424072266
1380,0.0,6.095088005065918
1381,0.0,1.9977843761444092
1382,0.0,5.411808490753174
1383,15.587289810180664,5.514899253845215
1384,20.07568359375,6.921167373657227
1385,2.830099582672119,3.763746500015259
1386,1.8052902221679688,5.542185306549072
1387,0.0,7.973451614379883
1388,0.0,8.307417869567871
1389,0.0,4.8838701248168945
1390,5.933811664581299,4.061970233917236
1391,2.045231819152832,3.368290662765503
1392,1.223623275756836,5.324835777282715
1393,2.627352714538574,4.19564151763916
1394,15.696072578430176,18.991926193237305
1395,0.0,21.290496826171875
1396,3.4281015396118164,5.762968063354492
1397,12.921528816223145,12.223079681396484
1398,0.0,4.917994022369385
1399,2.9124228954315186,5.01942253112793
1400,3.0804080963134766,6.707924842834473
1401,0.0,7.8489990234375
1402,36.33030700683594,5.6648054122924805
1403,2.7525041103363037,4.076648235321045
1404,3.0369467735290527,19.896814346313477
1405,2.727860450744629,3.0528762340545654
1406,0.0,10.082780838012695
1407,0.0651460587978363,6.724103927612305
1408,2.5870494842529297,4.574273109436035
1409,0.0,4.25249719619751
1410,0.0,4.457875728607178
1411,0.0,4.77342414855957
1412,0.0,13.129762649536133
1413,2.830098867416382,3.722599983215332
1414,0.0,2.501498222351074
1415,4.744831562042236,4.48213005065918
1416,0.0,4.713731288909912
1417,0.0,5.19909143447876
1418,20.999347686767578,7.819417953491211
1419,3.667863130569458,3.9314181804656982
1420,0.0,6.221364974975586
1421,7.4915876388549805,5.5412139892578125
1422,8.213821411132812,3.477752447128296
1423,6.972545146942139,3.9899356365203857
1424,4.5300140380859375,5.765283584594727
1425,0.0,5.623603820800781
1426,3.1057944297790527,5.4217071533203125
1427,0.0,4.7555131912231445
1428,11.944795608520508,6.593206405639648
1429,2.83009672164917,10.973487854003906
1430,0.0,4.503970146179199
1431,0.0,4.473285675048828
1432,3.0807135105133057,4.8055853843688965
1433,0.0,5.345640182495117
1434,7.296451568603516,5.476739883422852
1435,0.0,6.271402835845947
1436,0.002386680571362376,4.856897354125977
1437,0.0,4.493216514587402
1438,0.0,3.4499621391296387
1439,29.052194595336914,7.934232711791992
1440,2.6276192665100098,4.326143264770508
1441,0.0,3.263869524002075
1442,7.854095458984375,3.3008522987365723
1443,5.414621829986572,2.262768507003784
1444,0.0,1.6368826627731323
1445,2.652026414871216,6.039994239807129
1446,3.9688518047332764,4.539849281311035
1447,8.337272644042969,5.379900932312012
1448,0.0,4.1786909103393555
1449,0.0,3.214702606201172
1450,3.614487648010254,5.044216632843018
1451,2.2275568056784323e-08,12.737190246582031
1452,0.0,5.259936332702637
1453,3.1069188117980957,3.846834659576416
1454,2.6265525817871094,6.2622971534729
1455,0.0,6.06962776184082
1456,1.208996295928955,5.696250915527344
1457,0.0,13.875981330871582
1458,0.0,5.810422897338867
1459,0.0,4.884085178375244
1460,0.0,3.9587109088897705
1461,2.6276276111602783,7.272315502166748
1462,3.018860340118408,11.276968955993652
1463,3.108212947845459,10.071348190307617
1464,0.0,4.840654373168945
1465,0.0,3.8036506175994873
1466,0.0,3.387608289718628
1467,0.0,6.389232158660889
1468,2.8588356971740723,3.7449591159820557
1469,0.0,16.5772647857666
1470,2.6265528202056885,4.358560085296631
1471,3.8065781593322754,4.770799160003662
1472,0.0,6.031615257263184
1473,0.0,4.695883274078369
1474,0.0,3.9964964389801025
1475,0.0,4.006742477416992
1476,0.0,4.845877647399902
1477,0.0,3.53446102142334
1478,1.8706992864608765,6.214565753936768
1479,0.0,4.343814849853516
1480,5.5985636711120605,5.073843955993652
1481,0.0,6.934113502502441
1482,4.064853191375732,22.06952476501465
1483,3.6936280727386475,2.991077184677124
1484,2.912446975708008,3.632023572921753
1485,6.414792537689209,7.68778133392334
1486,0.0,4.637908935546875
1487,0.0,5.1186699867248535
1488,4.277851581573486,3.0254414081573486
1489,7.077193260192871,2.5523033142089844
1490,10.773674011230469,5.122614860534668
1491,0.0,5.52564001083374
1492,0.0,4.521094799041748
1493,0.0,2.5765702724456787
1494,0.0,5.323121070861816
1495,0.0,5.296286582946777
1496,2.3124160766601562,8.628666877746582
1497,0.0,3.838954448699951
1498,0.0,4.353194713592529
1499,0.0,6.792879104614258
1500,0.0,3.265974998474121
1501,4.6826395988464355,26.527223587036133
1502,0.0,5.142086505889893
1503,3.0377228260040283,4.649595737457275
1504,8.749436378479004,3.1485061645507812
1505,8.22109603881836,5.518686294555664
1506,1.074410080909729,4.836681365966797
1507,0.0,5.308908462524414
1508,0.0,4.512609004974365
1509,3.1371817588806152,4.496153354644775
1510,13.5845947265625,4.63558292388916
1511,20.556777954101562,4.068396091461182
1512,5.279000282287598,5.615250587463379
1513,2.691772937774658,5.878363609313965
1514,1.3593111038208008,5.319766521453857
1515,0.0,3.956864356994629
1516,0.0,6.328685283660889
1517,3.0406439304351807,4.096851825714111
1518,0.0,3.9658820629119873
1519,0.0,5.5308613777160645
1520,0.0,4.149659156799316
1521,0.0,4.387618064880371
1522,0.0,7.039251804351807
1523,0.0,8.016660690307617
1524,0.0,4.5940961837768555
1525,3.018860340118408,10.467981338500977
1526,7.2074689865112305,8.10726547241211
1527,7.633997440338135,6.663616180419922
1528,0.0,9.575740814208984
1529,0.0,4.356804847717285
1530,0.0,4.35487699508667
1531,0.0,10.207453727722168
1532,0.0,4.091202259063721
1533,0.0,7.475294589996338
1534,0.0,6.0629377365112305
1535,20.231332778930664,6.392787933349609
1536,1.3354491124051293e-11,4.402420520782471
1537,6.140033721923828,6.080203056335449
1538,0.0,5.674376010894775
1539,1.6414875984191895,5.774012565612793
1540,0.0,4.194540977478027
1541,6.262934684753418,3.914072275161743
1542,0.0,4.584998607635498
1543,20.905508041381836,4.714715480804443
1544,0.0,6.0018839836120605
1545,23.113292694091797,4.251270294189453
1546,0.0,8.802274703979492
1547,2.715228319168091,5.191038131713867
1548,6.955221176147461,2.222574472427368
1549,4.481624603271484,4.896206378936768
1550,2.1922199726104736,2.5485756397247314
1551,2.7791874408721924,4.846489429473877
1552,5.77512264251709,10.612340927124023
1553,0.0,8.144006729125977
1554,0.0,5.0968475341796875
1555,0.0,5.201292037963867
1556,0.0,5.435705184936523
1557,9.869721412658691,4.757981300354004
1558,6.707149505615234,5.879706382751465
1559,3.1499109268188477,11.757022857666016
1560,0.0,4.51506233215332
1561,0.0,6.163778305053711
1562,3.0093779059825465e-06,6.481986045837402
1563,0.0,6.5243353843688965
1564,2.8585593700408936,10.715932846069336
1565,0.0,9.138717651367188
1566,0.0,4.111221790313721
1567,0.0,8.885547637939453
1568,7.194636821746826,3.210564136505127
1569,2.8163504600524902,5.398799896240234
1570,17.1060733795166,5.537660121917725
1571,6.19168758392334,6.630334854125977
1572,6.331320762634277,3.3864595890045166
1573,0.0,4.692154407501221
1574,2.908653974533081,4.996659755706787
1575,7.39015007019043,5.562012672424316
1576,7.670959949493408,6.370100021362305
1577,0.0,9.161737442016602
1578,6.046681880950928,3.9705727100372314
1579,2.908653974533081,6.201137542724609
1580,0.0,4.025857448577881
1581,0.4343327581882477,5.80856990814209
1582,0.0,5.764823913574219
1583,0.0,6.584397792816162
1584,0.0,3.9972407817840576
1585,0.0,6.056157112121582
1586,8.238953590393066,8.253449440002441
1587,2.7933287620544434,6.252442836761475
1588,1.877760648727417,9.525857925415039
1589,0.0,5.591256141662598
1590,0.0,7.987948417663574
1591,0.0,4.572088241577148
1592,2.727714776992798,5.829423904418945
1593,9.410223007202148,5.204376697540283
1594,0.0,4.970063209533691
1595,32.30569839477539,14.41950798034668
1596,0.0,5.817747116088867
1597,0.0,5.103259086608887
1598,3.138627767562866,4.283193111419678
1599,2.8588345050811768,14.08420467376709
1600,2.2954747676849365,3.922025203704834
1601,8.360158920288086,6.009861946105957
1602,4.05345344543457,13.604206085205078
1603,0.0,3.8814704418182373
1604,0.0,5.0657830238342285
1605,9.877772331237793,5.159277439117432
1606,5.217400550842285,3.609226942062378
1607,3.040644884109497,3.2275092601776123
1608,7.316789627075195,3.3387553691864014
1609,0.0,5.727208137512207
1610,0.0,4.600940227508545
1611,0.0,4.906652927398682
1612,0.0,6.510838508605957
1613,4.407934188842773,5.46764612197876
1614,0.0,4.391107559204102
1615,0.0,5.320925235748291
1616,0.0,4.247982978820801
1617,5.051855087280273,3.9243052005767822
1618,5.752175331115723,5.068172931671143
1619,0.0,4.002983093261719
1620,16.121789932250977,8.429793357849121
1621,6.7974534034729,7.194149017333984
1622,2.883905835915357e-05,4.261089324951172
1623,15.809012413024902,6.3054327964782715
1624,11.198311805725098,5.760218620300293
1625,0.002891998505219817,7.119497776031494
1626,12.07246208190918,4.854093551635742
1627,1.9521163702011108,7.233336448669434
1628,2.333627939224243,5.266443252563477
1629,0.0,11.61121940612793
1630,0.0,7.816051483154297
1631,0.0,7.767300605773926
1632,3.0807135105133057,6.999327659606934
1633,0.0,6.981076240539551
1634,0.0,6.976944923400879
1635,0.0,4.924746513366699
1636,0.0,5.679278373718262
1637,3.0477449893951416,5.511317253112793
1638,2.9105587005615234,4.372663974761963
1639,0.0018634921871125698,4.047769546508789
1640,0.32233819365501404,15.053954124450684
1641,0.0,5.348213195800781
1642,8.602714538574219,6.6430344581604
1643,0.0,6.4255242347717285
1644,2.3138179779052734,3.958765745162964
1645,0.0,5.594616413116455
1646,0.0,4.776206016540527
1647,2.7152504920959473,5.913488388061523
1648,0.0,4.541080474853516
1649,0.0,4.138336181640625
1650,2.8986268043518066,4.609630584716797
1651,7.494724750518799,9.764820098876953
1652,0.0,2.922703981399536
1653,0.0,13.745911598205566
1654,0.0,6.430718898773193
1655,0.0,5.085488796234131
1656,0.0,5.098143100738525
1657,0.0,7.197297096252441
1658,2.8301000595092773,3.0461719036102295
1659,0.0,5.3047895431518555
1660,0.0,5.065638065338135
1661,0.0,6.042253494262695
1662,0.0,5.892107963562012
1663,0.0,4.729115009307861
1664,0.0,6.148685932159424
1665,0.0,4.469583034515381
1666,0.22950322926044464,3.8912572860717773
1667,6.516576290130615,5.481360912322998
1668,1.0246039628982544,6.088960647583008
1669,6.3342061042785645,4.581175327301025
1670,1.997247576713562,4.085488319396973
1671,6.503048419952393,5.562580108642578
1672,2.298173666000366,5.955974578857422
1673,4.104526996612549,4.33659029006958
1674,0.0,5.675199031829834
1675,0.0,8.47640323638916
1676,6.972723484039307,7.709057331085205
1677,2.9604692459106445,4.336119174957275
1678,0.0,7.843530178070068
1679,0.0,3.3957698345184326
1680,4.898994445800781,5.411715984344482
1681,0.0,5.4671478271484375
1682,0.0,8.142544746398926
1683,6.121728897094727,4.812216758728027
1684,15.219176292419434,3.1844308376312256
1685,9.803686141967773,5.376428127288818
1686,5.030425071716309,4.443709373474121
1687,0.0,11.05032730102539
1688,0.0,4.18541955947876
1689,1.61774480342865,3.2191357612609863
1690,0.0,4.227713584899902
1691,6.60040807723999,6.45876407623291
1692,5.695314407348633,3.0308268070220947
1693,0.0,7.707679748535156
1694,0.0,7.448746681213379
1695,0.0,4.084542274475098
1696,3.303398847579956,3.7555716037750244
1697,20.840063095092773,3.2064788341522217
1698,0.0,7.704619884490967
1699,0.0,3.4867336750030518
1700,3.901948730344884e-06,5.0807952880859375
1701,2.4185566902160645,4.261236667633057
1702,2.8721752166748047,5.052855491638184
1703,2.9086532592773438,4.350783824920654
1704,6.115105152130127,3.8464252948760986
1705,53.172367095947266,3.3180251121520996
1706,0.0,5.382917404174805
1707,5.600906848907471,6.633573055267334
1708,0.0,4.8750386238098145
1709,0.0,3.981915235519409
1710,7.662032127380371,6.5533246994018555
1711,7.386963367462158,3.9920058250427246
1712,3.0369467735290527,3.3194644451141357
1713,5.281892776489258,3.407437801361084
1714,0.0,4.27060604095459
1715,0.0,3.746026039123535
1716,0.0,5.238074779510498
1717,0.0,5.8221893310546875
1718,0.0,4.471153259277344
1719,23.746885299682617,5.112998008728027
1720,0.0,4.395096302032471
1721,0.0,8.804268836975098
1722,0.0,3.7734181880950928
1723,0.0,4.389747619628906
1724,7.73794412612915,5.417215347290039
1725,12.177741050720215,6.941695213317871
1726,6.4112162590026855,6.878684997558594
1727,6.422375202178955,5.156104564666748
1728,27.14920425415039,7.347629070281982
1729,8.304732322692871,4.169070243835449
1730,12.82967758178711,3.738837957382202
1731,0.0,6.886172294616699
1732,8.920186042785645,5.785717964172363
1733,0.0,7.868929862976074
1734,0.0,5.147622108459473
1735,1.0152249041439632e-09,3.255467653274536
1736,2.584761381149292,5.536444664001465
1737,2.751669406890869,3.995687484741211
1738,0.0,2.4931888580322266
1739,0.0,8.368630409240723
1740,3.631922483444214,6.559823989868164
1741,7.368958473205566,9.919979095458984
1742,0.0,8.170411109924316
1743,15.053086280822754,4.703000545501709
1744,0.0,4.9637885093688965
1745,0.0,6.071503162384033
1746,0.0,10.094690322875977
1747,0.0,4.280308246612549
1748,0.0,4.519989490509033
1749,0.0,7.2812910079956055
1750,0.0,4.980877876281738
1751,0.0,5.692022323608398
1752,0.0,5.009941577911377
1753,7.5750017166137695,5.029534816741943
1754,8.616621971130371,5.314162731170654
1755,12.343365669250488,4.761910438537598
1756,2.7783524990081787,3.665156126022339
1757,0.0,6.466254711151123
1758,3.042844533920288,4.694821834564209
1759,0.0,8.249134063720703
1760,0.0,7.677398681640625
1761,0.0,4.50799036026001
1762,0.0,2.905839204788208
1763,0.0,6.29426383972168
1764,2.9525985717773438,7.873238563537598
1765,0.0,3.8887999057769775
1766,0.0,5.955744743347168
1767,2.381716728210449,3.766904592514038
1768,19.874282836914062,16.026723861694336
1769,2.956207752227783,5.755388259887695
1770,1.5791984796524048,5.6411356925964355
1771,5.235803127288818,4.859945297241211
1772,0.0,6.864855766296387
1773,3.0226173400878906,3.478515386581421
1774,0.0,7.045199871063232
1775,0.0,15.873112678527832
1776,5.383626461029053,6.6301164627075195
1777,0.0,4.671632766723633
1778,12.566317558288574,5.293202877044678
1779,0.010475446470081806,6.43902587890625
1780,4.022756099700928,4.298579216003418
1781,11.698057174682617,4.047238826751709
1782,4.438674449920654,4.217780590057373
1783,2.6927151679992676,2.92683482170105
1784,0.0,4.435660362243652
1785,3.1249170303344727,8.682205200195312
1786,0.0,4.799373626708984
1787,0.0,5.51452112197876
1788,0.0,7.177643775939941
1789,10.056674003601074,5.247264862060547
1790,6.345792770385742,6.9828572273254395
1791,0.0,5.362460613250732
1792,0.0,6.029320240020752
1793,12.197874069213867,6.5011115074157715
1794,0.0,6.068458557128906
1795,0.0,10.785568237304688
1796,0.0,7.082354545593262
1797,1.874572992324829,6.141720771789551
1798,0.0,5.348950386047363
1799,0.0,4.772470951080322
1800,22.7017822265625,6.308956146240234
1801,5.445519924163818,5.275423049926758
1802,9.463340759277344,3.6503429412841797
1803,2.691774606704712,5.788124084472656
1804,0.0,5.339910507202148
1805,2.0995402336120605,4.867031574249268
1806,19.463455200195312,8.27331256866455
1807,0.0,5.09882926940918
1808,2.715897798538208,5.04342794418335
1809,22.990720748901367,3.3627164363861084
1810,5.703204154968262,3.3738298416137695
1811,2.5487563610076904,4.487218856811523
1812,0.0,3.872532844543457
1813,0.0,2.907076120376587
1814,0.0,3.7816998958587646
1815,0.0,3.109112024307251
1816,5.854093551635742,4.839755535125732
1817,0.0,4.870227813720703
1818,0.0,5.289892673492432
1819,9.395787239074707,8.30500316619873
1820,3.1334846019744873,4.417686462402344
1821,0.0,8.77087688446045
1822,0.0,5.29445743560791
1823,7.617770195007324,6.513906955718994
1824,6.926985263824463,5.926566123962402
1825,0.0,4.891539573669434
1826,0.0,4.869671821594238
1827,0.0,4.136845111846924
1828,0.0,3.7572553157806396
1829,0.0,4.005018711090088
1830,0.0,5.527126312255859
1831,0.0,4.083191871643066
1832,0.0,6.298434257507324
1833,24.268274307250977,6.493320941925049
1834,31.315767288208008,5.707119464874268
1835,0.0,6.294161319732666
1836,0.0,4.425766468048096
1837,0.0,3.989453077316284
1838,0.0,5.148815155029297
1839,2.9649906158447266,8.479555130004883
1840,0.0,5.72106409072876
1841,15.620439529418945,4.392974376678467
1842,1.4698058366775513,4.031851291656494
1843,0.0,4.050642013549805
1844,0.0,4.605492115020752
1845,0.0,7.173914909362793
1846,0.0,11.361284255981445
1847,0.0,5.737092018127441
1848,0.0,7.28964900970459
1849,0.0,3.096600294113159
1850,0.0,5.750204086303711
1851,0.0,8.389404296875
1852,0.0,3.7700722217559814
1853,38.48213195800781,5.883459091186523
1854,2.6917738914489746,4.817317962646484
1855,0.0,4.613161563873291
1856,8.245347023010254,18.086761474609375
1857,0.0,8.268094062805176
1858,0.0,5.68828010559082
1859,0.0,5.25103759765625
1860,3.0807127952575684,4.818879127502441
1861,0.0,2.848210096359253
1862,3.107379198074341,7.544925689697266
1863,0.0,10.092632293701172
1864,0.0,5.717027187347412
1865,5.993930816650391,4.996856689453125
1866,2.92230486869812,5.175629615783691
1867,0.0,6.424246311187744
1868,3.710451126098633,7.756011962890625
1869,1.0578759908676147,5.927715301513672
1870,0.0,8.038297653198242
1871,0.0,7.45844030380249
1872,6.971390247344971,7.445151329040527
1873,0.0,5.7044358253479
1874,0.0,5.900610446929932
1875,0.0,9.647653579711914
1876,0.0,12.510196685791016
1877,0.0,6.536386489868164
1878,0.0,5.582427024841309
1879,0.0,4.628669261932373
1880,1.0564165115356445,5.620716094970703
1881,0.0,3.2199294567108154
1882,0.0,6.107659816741943
1883,0.0,8.508661270141602
1884,0.0,7.498338222503662
1885,3.0805370807647705,5.6882219314575195
1886,0.0,6.597010612487793
1887,3.065743923187256,6.657350540161133
1888,0.0,3.112147808074951
1889,2.815983295440674,3.8574793338775635
1890,3.0807156562805176,3.8909640312194824
1891,0.0,5.754186630249023
1892,0.00017662227037362754,5.885449409484863
1893,0.0,7.935153961181641
1894,0.0,6.858743667602539
1895,0.0,3.6411726474761963
1896,0.0,6.765733242034912
1897,0.0,5.433352470397949
1898,0.0,5.749699592590332
1899,0.0,6.639440059661865
1900,0.0,4.805111885070801
1901,0.0,4.646768569946289
1902,0.0,6.900179386138916
1903,0.0,4.825565814971924
1904,2.908677577972412,6.095172882080078
1905,0.0,6.312005996704102
1906,0.0,6.283469200134277
1907,0.0,7.054531574249268
1908,5.1197285652160645,4.636729717254639
1909,0.0,4.256972312927246
1910,0.0,6.306317329406738
1911,2.101520067299134e-06,2.6615588665008545
1912,0.0,2.632599115371704
1913,8.644437789916992,3.098961353302002
1914,19.247072219848633,7.0656538009643555
1915,0.0,4.293465614318848
1916,3.86069917678833,0.4537053108215332
1917,16.964326858520508,8.30462646484375
1918,4.18543815612793,5.772068023681641
1919,7.46082067489624,11.01339054107666
1920,7.1431074142456055,4.194935321807861
1921,0.0,4.271421909332275
1922,6.776900291442871,4.787248134613037
1923,0.0,7.3128886222839355
1924,6.2571702003479,77.28730773925781
1925,0.0,7.024947166442871
1926,0.0,4.532360076904297
1927,3.612321615219116,3.999926805496216
1928,6.102510929107666,9.412505149841309
1929,0.0,4.532294273376465
1930,0.0,6.096723556518555
1931,2.2120893001556396,7.9322004318237305
1932,0.0,15.676252365112305
1933,1.221860408782959,5.784781455993652
1934,2.6055350303649902,5.964687347412109
1935,30.38490867614746,9.402339935302734
1936,2.580056667327881,6.729249954223633
1937,117.31221771240234,3.374216318130493
1938,5.0567708015441895,7.200047492980957
1939,0.0,17.97659683227539
1940,0.0,5.629063606262207
1941,0.0,4.104521751403809
1942,2.858834743499756,5.868805885314941
1943,4.69180154800415,4.2874274253845215
1944,0.0,5.1909942626953125
1945,0.0,6.698616981506348
1946,0.0,10.982564926147461
1947,0.0,3.560319662094116
1948,0.0,4.720212936401367
1949,0.0,4.8319172859191895
1950,14.53030014038086,6.3427348136901855
1951,0.0,6.036988258361816
1952,19.573915481567383,5.771110534667969
1953,5.807957649230957,7.7253265380859375
1954,6.2709269523620605,4.079391002655029
1955,0.0,16.180036544799805
1956,3.598949432373047,5.774393558502197
1957,0.0,6.081418991088867
1958,0.0,5.307823181152344
1959,0.6620820760726929,4.113223075866699
1960,0.0,10.444099426269531
1961,0.0,4.065243244171143
1962,0.0,3.5297741889953613
1963,0.0,3.7968590259552
1964,3.9250214099884033,3.6540191173553467
1965,0.0,5.587108135223389
1966,0.0,3.7709860801696777
1967,2.392272472381592,4.53095006942749
1968,3.9925026893615723,3.8514907360076904
1969,5.718839168548584,5.725552082061768
1970,2.626722574234009,7.59536075592041
1971,0.0,4.3880391120910645
1972,3.617353677749634,6.262897968292236
1973,0.0,22.960222244262695
1974,3.668821334838867,4.072291374206543
1975,0.0,9.746469497680664
1976,0.0,4.7808613777160645
1977,7.828688144683838,14.844651222229004
1978,4.412751197814941,4.349594593048096
1979,2.7152516841888428,7.606705665588379
1980,0.0,9.157758712768555
1981,0.0,4.618741512298584
1982,0.0,3.539344072341919
1983,4.596859931945801,7.906768321990967
1984,0.0,6.2286152839660645
1985,0.0,4.964827060699463
1986,0.0,7.186948776245117
1987,0.0,7.117096900939941
1988,0.0,6.8720221519470215
1989,0.0,12.49620246887207
1990,0.0,1.8418068885803223
1991,0.0,6.497097015380859
1992,8.345925331115723,6.1703619956970215
1993,0.0,5.6095123291015625
1994,0.0,4.430253028869629
1995,0.0,6.1156086921691895
1996,95.29434967041016,5.913003921508789
1997,1.6423938274383545,5.4026079177856445
1998,9.874310493469238,3.7347095012664795
1999,0.0,4.198416233062744
2000,11.347600936889648,2.611443281173706
2001,2.925410509109497,5.387787342071533
2002,15.840248107910156,4.293830394744873
2003,2.7583272457122803,6.050445556640625
2004,0.0,5.580686569213867
2005,0.0,4.17341423034668
2006,3.076650619506836,4.289246559143066
2007,4.115072250366211,5.529338359832764
2008,0.0,8.137863159179688
2009,0.0,6.665374279022217
2010,0.0,7.228106498718262
2011,24.19379234313965,6.078656196594238
2012,2.9525978565216064,3.0866196155548096
2013,0.0,4.667764663696289
2014,0.0,5.337542533874512
2015,0.0,7.906543254852295
2016,0.0,3.56648325920105
2017,9.162776947021484,3.84474778175354
2018,15.567367553710938,3.555314779281616
2019,0.0,5.878750324249268
2020,0.0,5.517369747161865
2021,0.0,2.0732266902923584
2022,2.727713108062744,3.628727674484253
2023,71.45734405517578,5.500082969665527
2024,0.0,6.771999835968018
2025,0.20195341110229492,14.941474914550781
2026,2.6305174827575684,5.3574137687683105
2027,0.0,5.683446884155273
2028,3.146141767501831,6.122795581817627
2029,0.0,10.196879386901855
2030,0.0,5.029290199279785
2031,2.9525985717773438,4.448053359985352
2032,0.0,2.9272706508636475
2033,0.0,7.268893241882324
2034,0.0,6.884923458099365
2035,0.0,3.2113499641418457
2036,2.779186964035034,3.2078216075897217
2037,0.0,3.8157644271850586
2038,0.0,2.017059564590454
2039,0.0,1.9124459028244019
2040,14.368820190429688,2.893568754196167
2041,19.869407653808594,4.0637993812561035
2042,0.0,5.966885089874268
2043,3.3509846009138755e-09,6.292858123779297
2044,12.559289932250977,5.538043975830078
2045,0.0,4.746795654296875
2046,2.49847674369812,7.160410404205322
2047,3.1082143783569336,3.909275770187378
2048,3.0033371448516846,3.2500979900360107
2049,5.369733810424805,4.750937461853027
2050,0.0,2.593193769454956
2051,0.0,2.5894219875335693
2052,0.0,6.366809844970703
2053,0.0,5.609025001525879
2054,0.0,3.6693198680877686
2055,0.0,4.22462272644043
2056,0.0,4.172905921936035
2057,4.105770111083984,2.9224507808685303
2058,2.652029037475586,3.1487793922424316
2059,5.481703281402588,3.815694570541382
2060,2.7278621196746826,6.014562129974365
2061,2.751692533493042,4.871151447296143
2062,3.0057973861694336,4.296769142150879
2063,0.12913215160369873,5.85296630859375
2064,7.545673370361328,5.150046348571777
2065,0.0,4.386822700500488
2066,0.0,7.508473873138428
2067,0.0,9.092405319213867
2068,28.857635498046875,4.012262344360352
2069,3.6988751888275146,4.81641149520874
2070,2.243288278579712,3.6728906631469727
2071,0.0,2.094217300415039
2072,0.0,3.439540386199951
2073,0.0,4.161402225494385
2074,0.0,5.240923881530762
2075,1.1547317504882812,3.4500436782836914
2076,0.0,3.2079310417175293
2077,7.318968772888184,3.593579053878784
2078,3.1371824741363525,6.069272994995117
2079,0.0,7.915185451507568
2080,0.0,3.573972463607788
2081,0.0,3.9214727878570557
2082,0.0,4.495666027069092
2083,0.0,3.8923532962799072
2084,1.06267511844635,7.7573065757751465
2085,4.824697017669678,6.035855293273926
2086,4.743902683258057,6.647836685180664
2087,16.035844802856445,5.5462327003479
2088,0.0,4.287862300872803
2089,2.313354015350342,3.6448023319244385
2090,3.4861392974853516,5.159397602081299
2091,0.0,6.967380523681641
2092,9.982812881469727,5.316286087036133
2093,22.90412712097168,2.265758514404297
2094,0.0,2.214552402496338
2095,5.5861496925354,4.101503849029541
2096,0.0,5.824666976928711
2097,0.0,4.652536392211914
2098,32.08321762084961,4.013452529907227
2099,3.8789572715759277,3.674529790878296
2100,0.0,4.597419738769531
2101,0.0,10.808243751525879
2102,0.0,4.655957221984863
2103,0.0,20.965681076049805
2104,1.029370665550232,7.837847709655762
2105,0.0,6.105302333831787
2106,4.419768810272217,11.003259658813477
2107,2.626722574234009,3.283311128616333
2108,0.003472456708550453,4.606225967407227
2109,6.903782367706299,2.8697760105133057
2110,35.10206604003906,3.910039186477661
2111,0.0,2.6893725395202637
2112,3.107379198074341,12.454400062561035
2113,10.583922386169434,4.211367130279541
2114,1.7969778776168823,4.94990348815918
2115,0.0,10.112177848815918
2116,0.0,1.560779333114624
2117,0.12259063124656677,4.434395790100098
2118,20.35977554321289,4.287444591522217
2119,0.0,8.226146697998047
2120,6.211580276489258,5.608260154724121
2121,0.0,5.038398265838623
2122,0.0,4.43865966796875
2123,3.549942970275879,4.964005947113037
2124,8.544928550720215,18.3024959564209
2125,2.9694414138793945,23.082914352416992
2126,0.0,17.27684211730957
2127,0.0,6.84976053237915
2128,2.129422426223755,12.594308853149414
2129,0.0,10.963165283203125
2130,3.7428338527679443,4.920618057250977
2131,3.022618532180786,6.089784622192383
2132,0.0,3.7167093753814697
2133,238.39208984375,5.708788871765137
2134,0.0,2.498175859451294
2135,0.0,2.693805456161499
2136,0.0,3.175518274307251
2137,0.0,4.921348571777344
2138,0.0,5.583187103271484
2139,0.0,6.627270698547363
2140,2.5487375259399414,7.695376396179199
2141,2.0108511447906494,4.718932151794434
2142,0.0,8.164121627807617
2143,13.429020881652832,4.065720081329346
2144,13.777970314025879,4.244307994842529
2145,0.0,10.192916870117188
2146,0.0,4.3629584312438965
2147,0.0,4.704156875610352
2148,0.0,5.839419364929199
2149,2.396638870239258,5.328166961669922
2150,3.437434196472168,5.522527694702148
2151,3.551598310470581,8.66590404510498
2152,3.1223509311676025,8.697982788085938
2153,0.0,13.533608436584473
2154,0.0,7.630655288696289
2155,9.570549964904785,7.114685535430908
2156,4.059654235839844,5.040498733520508
2157,2.9808452129364014,4.024059772491455
2158,12.142809867858887,6.413675308227539
2159,10.098562240600586,5.04047155380249
2160,0.0,4.069512367248535
2161,1.3661202192306519,3.854323148727417
2162,0.0,4.750720500946045
2163,0.0,7.824501037597656
2164,0.0,5.459062099456787
2165,0.0,3.7408950328826904
2166,3.0807156562805176,6.78762149810791
2167,4.672408103942871,4.120344161987305
2168,12.065468788146973,6.202268600463867
2169,0.0,5.475523948669434
2170,5.212728500366211,5.184534549713135
2171,0.0,3.316889762878418
2172,0.9420869946479797,4.258842945098877
2173,0.0,3.39924693107605
2174,0.0,3.959991455078125
2175,15.894275665283203,5.5395050048828125
2176,0.0,3.7121334075927734
2177,0.0,4.997371673583984
2178,0.0,4.927409648895264
2179,12.540472030639648,3.3198230266571045
2180,3.550910711288452,4.8594746589660645
2181,5.379885196685791,5.434730052947998
2182,0.9552145004272461,6.170012474060059
2183,6.233138992683962e-05,5.788034439086914
2184,0.0,3.8649933338165283
2185,0.0,5.214815139770508
2186,0.0,7.701550483703613
2187,3.0369462966918945,3.796529531478882
2188,3.1371819972991943,4.454291343688965
2189,11.248434066772461,27.517610549926758
2190,0.0,5.0963945388793945
2191,25.07296371459961,7.4612836837768555
2192,5.60774564743042,5.779546737670898
2193,0.0,5.599106788635254
2194,0.0,5.150481224060059
2195,0.0,2.0807454586029053
2196,1.7755578756332397,3.811429738998413
2197,0.0,1.5923763513565063
2198,0.0,5.92537260055542
2199,1.4891835451126099,5.819711685180664
2200,0.0,18.16188621520996
2201,0.0,5.89705753326416
2202,4.233739852905273,5.322543144226074
2203,0.0,3.7668535709381104
2204,0.0,5.658422470092773
2205,3.6008141040802,9.754929542541504
2206,0.0,2.6189682483673096
2207,0.0,8.63328742980957
2208,0.0,3.60707688331604
2209,13.614095687866211,4.779537677764893
2210,0.0,4.463168144226074
2211,5.906156063079834,6.706623554229736
2212,10.824808120727539,6.278158187866211
2213,18.931617736816406,6.009346961975098
2214,2.815983533859253,5.596375465393066
2215,6.888367652893066,5.556798934936523
2216,15.653698921203613,5.995481491088867
2217,104.27853393554688,4.91660737991333
2218,7.1607866287231445,9.938576698303223
2219,2.904658794403076,4.600093841552734
2220,4.374331951141357,13.717692375183105
2221,0.0,4.163208961486816
2222,0.0,10.334768295288086
2223,7.379800796508789,16.673648834228516
2224,2.5815258026123047,5.803482532501221
2225,0.0,13.587693214416504
2226,0.0,3.603477716445923
2227,10.485018730163574,5.285298824310303
2228,3.3305747509002686,3.2221195697784424
2229,0.0,4.527297019958496
2230,3.0815510749816895,9.909783363342285
2231,2.7152044773101807,4.84752082824707
2232,4.465444087982178,7.5234456062316895
2233,0.0,5.028420448303223
2234,39.262184143066406,4.889749526977539
2235,0.0,5.386110305786133
2236,0.0,6.194077968597412
2237,6.271177768707275,8.305926322937012
2238,0.0,6.239963531494141
2239,0.0,16.43004035949707
2240,12.725699424743652,8.752854347229004
2241,20.80327033996582,5.375049114227295
2242,45.18415069580078,8.488730430603027
2243,0.0,5.344171524047852
2244,3.041419744491577,5.6031951904296875
2245,14.71609115600586,5.431972503662109
2246,2.3688929080963135,7.712509632110596
2247,11.36851692199707,7.687588691711426
2248,2.8591480255126953,6.216310024261475
2249,1.8934226036071777,6.812100410461426
2250,0.0,4.812873840332031
2251,13.463123321533203,5.5214338302612305
2252,2.8338563442230225,3.501246213912964
2253,13.542024612426758,3.957897424697876
2254,2.858954906463623,6.612795829772949
2255,2.832470655441284,4.935140609741211
2256,2.6265525817871094,3.916707754135132
2257,33.94807434082031,4.18903112411499
2258,0.0,5.31038236618042
2259,0.0,7.099046230316162
2260,0.0,21.331844329833984
2261,0.0,4.441043376922607
2262,30.84164047241211,5.09180212020874
2263,21.720922470092773,7.914507865905762
2264,4.972360134124756,2.5282294750213623
2265,2.9086532592773438,4.9542059898376465
2266,1.0135672092437744,49.91461181640625
2267,2.8325459957122803,7.429660797119141
2268,0.0,4.275467872619629
2269,2.752504825592041,6.581552505493164
2270,0.0,5.023245334625244
2271,3.976909637451172,7.677090167999268
2272,7.390202522277832,7.212891578674316
2273,6.365706920623779,8.831646919250488
2274,0.0,5.578939437866211
2275,4.272316278530752e-09,6.1463165283203125
2276,27.369203567504883,5.186434745788574
2277,3.5238964557647705,6.881839275360107
2278,0.0,7.1263017654418945
2279,0.0,5.40986442565918
2280,0.0,5.461824417114258
2281,0.00024852942442521453,5.191202163696289
2282,24.349952697753906,3.2233200073242188
2283,48.7900276184082,6.7490129470825195
2284,0.0,6.050379753112793
2285,31.080196380615234,19.137554168701172
2286,0.0053475117310881615,4.029236793518066
2287,0.0,4.571899890899658
2288,0.0,4.19146728515625
2289,0.0,3.6237194538116455
2290,0.0,5.324446678161621
2291,0.0,8.430273056030273
2292,0.7257550954818726,4.040510177612305
2293,17.670211791992188,5.892243385314941
2294,9.211899757385254,4.7835469245910645
2295,0.0,4.817195415496826
2296,3.232053518295288,4.160118103027344
2297,0.0,6.8224873542785645
2298,0.0,2.0697576999664307
2299,5.056328773498535,5.1960554122924805
2300,4.480682373046875,5.186983108520508
2301,8.383655548095703,4.644101619720459
2302,61.67692947387695,4.974472522735596
2303,4.171487331390381,4.352273941040039
2304,3.260319232940674,2.6849963665008545
2305,4.707080364227295,8.139253616333008
2306,6.822140693664551,5.378988742828369
2307,0.0,4.983663558959961
2308,0.0,4.488020420074463
2309,0.0,3.976435899734497
2310,21.18235206604004,6.040746688842773
2311,0.0,6.4125823974609375
2312,0.0,4.357372760772705
2313,11.813093185424805,3.932677745819092
2314,30.341033935546875,3.538196325302124
2315,33.71876907348633,6.775256633758545
2316,2.9142963886260986,9.189403533935547
2317,2.7460265159606934,6.496965408325195
2318,0.0,7.345239162445068
2319,6.6857500076293945,4.977111339569092
2320,5.758047372239616e-10,2.8494608402252197
2321,6.745617389678955,1.2258987426757812
2322,0.0,6.395815849304199
2323,0.0,11.770261764526367
2324,0.0,4.960026264190674
2325,6.494673252105713,8.19094467163086
2326,0.0,4.7110514640808105
2327,7.680902481079102,3.9419357776641846
2328,0.0,4.229962348937988
2329,7.076333045959473,4.400537014007568
2330,0.0,7.057842254638672
2331,0.0,3.8600029945373535
2332,21.96259307861328,1.9682230949401855
2333,42.10883331298828,5.069838047027588
2334,7.554646015167236,3.592238426208496
2335,6.86768913269043,2.6725234985351562
2336,0.0,5.914555549621582
2337,8.551495552062988,4.864589691162109
2338,0.0,15.354357719421387
2339,2.8721752166748047,4.2903151512146
2340,16.934953689575195,6.874776840209961
2341,0.0,5.646272659301758
2342,6.686169624328613,2.441998243331909
2343,7.359791278839111,15.729459762573242
2344,3.504120104480535e-05,7.400101661682129
2345,9.183960914611816,4.851429462432861
2346,4.340391159057617,2.9972586631774902
2347,7.597699165344238,3.8884434700012207
2348,0.0,4.690964698791504
2349,0.0,4.249560832977295
2350,7.091041088104248,6.697905540466309
2351,2.626901865005493,5.093961238861084
2352,0.15228866040706635,5.7259931564331055
2353,0.0,2.985220193862915
2354,3.134929656982422,3.361196756362915
2355,7.935922622680664,6.81359338760376
2356,2.8428289890289307,5.697852611541748
2357,0.0,4.041863441467285
2358,2.9086532592773438,3.944549560546875
2359,4.164485645219429e-08,4.261406898498535
2360,7.619446277618408,4.557732105255127
2361,2.919609785079956,2.763104200363159
2362,2.6267006397247314,5.492237567901611
2363,5.298902988433838,5.728061676025391
2364,0.0,4.968275547027588
2365,0.0,4.287260055541992
2366,0.0,3.952723503112793
2367,1.664330005645752,3.4710235595703125
2368,1.169527292251587,5.070018768310547
2369,0.0,3.07973313331604
2370,13.621479988098145,1.9085758924484253
2371,2.751669406890869,5.213596343994141
2372,4.59169864654541,2.2379183769226074
2373,0.8907111883163452,3.239952325820923
2374,0.0,4.144996643066406
2375,0.0,14.995584487915039
2376,0.0,5.133418560028076
2377,3.0414209365844727,3.2991769313812256
2378,6.114663124084473,2.750166654586792
2379,18.12049674987793,7.855951309204102
2380,4.364256858825684,4.843094825744629
2381,3.2701356410980225,8.416500091552734
2382,7.919702529907227,5.831820487976074
2383,0.0,3.2909352779388428
2384,2.652029037475586,8.611322402954102
2385,0.0,9.557720184326172
2386,0.0,6.920692443847656
2387,0.0,30.419921875
2388,2.8584835529327393,4.508699417114258
2389,11.467146873474121,5.133947849273682
2390,0.0,5.620302677154541
2391,5.775826930999756,5.574126720428467
2392,0.0,4.902052879333496
2393,0.0,4.689753532409668
2394,8.945333480834961,8.512862205505371
2395,7.095504283905029,4.870548248291016
2396,0.8639755845069885,3.748687267303467
2397,0.0,5.1189422607421875
2398,3.3558521270751953,4.878870010375977
2399,13.502059936523438,5.0055646896362305
2400,0.0,3.6016337871551514
2401,0.0,4.9840898513793945
2402,3.1334846019744873,6.974786758422852
2403,0.0,6.8455610275268555
2404,12.870301246643066,5.048296928405762
2405,2.8332467079162598,3.769259214401245
2406,0.0,4.430377006530762
2407,0.0,4.01658821105957
2408,0.0,4.172408103942871
2409,10.786762237548828,5.453645706176758
2410,0.0,4.867834091186523
2411,0.0,4.502211570739746
2412,0.0,5.846219539642334
2413,3.149914026260376,2.5499439239501953
2414,14.052614212036133,7.088991165161133
2415,0.0,3.520517110824585
2416,0.0,4.612706184387207
2417,0.0,6.700026988983154
2418,0.0,2.6964633464813232
2419,0.0,2.827357053756714
2420,0.0,13.72262954711914
2421,9.197012901306152,5.635095596313477
2422,22.138809204101562,8.04808235168457
2423,0.0,7.175853729248047
2424,17.080018997192383,4.515246391296387
2425,15.367733001708984,6.13032865524292
2426,2.8163902759552,3.939133405685425
2427,0.0,4.63271427154541
2428,0.0,4.99646520614624
2429,7.200222015380859,3.7194817066192627
2430,0.0,3.645960807800293
2431,0.0,5.126058578491211
2432,2.900437355041504,3.661454200744629
2433,8.727019309997559,2.1504361629486084
2434,0.0,5.425597190856934
2435,1.3923200368881226,4.736568927764893
2436,0.0,5.371445178985596
2437,0.0,8.855751037597656
2438,2.137455463409424,4.158425807952881
2439,11.369413375854492,8.850172996520996
2440,2.6267244815826416,8.533857345581055
2441,0.0,7.776402473449707
2442,9.181070327758789,3.50215744972229
2443,7.582612991333008,4.271227836608887
2444,2.9254109859466553,4.335643291473389
2445,1.2244127988815308,5.20761251449585
2446,0.0,3.953277826309204
2447,12.840505599975586,9.55892276763916
2448,5.420909881591797,5.79119348526001
2449,0.0,8.78121566772461
2450,2.8985812664031982,4.937845230102539
2451,0.0,3.424370288848877
2452,0.0,5.2697014808654785
2453,0.0,5.288608551025391
2454,0.0,6.842382431030273
2455,0.0,2.7633728981018066
2456,5.112063407897949,4.493041038513184
2457,0.0,4.343389987945557
2458,0.0,7.20976448059082
2459,0.0,4.1221137046813965
2460,0.0,5.833880424499512
2461,0.0,5.948721408843994
2462,0.0,2.8949170112609863
2463,0.0,7.465577125549316
2464,0.0,6.25288200378418
2465,0.0,9.889764785766602
2466,0.0,4.586482048034668
2467,0.0,4.460807800292969
2468,124.24835205078125,5.397884368896484
2469,4.246335029602051,5.550315856933594
2470,0.0,5.456387519836426
2471,4.983060836791992,6.623441219329834
2472,5.565711498260498,5.2023725509643555
2473,0.0,5.94498872756958
2474,2.6265525817871094,5.344139099121094
2475,0.0,5.160805702209473
2476,7.624542713165283,5.030581951141357
2477,2.593931198120117,3.7073585987091064
2478,0.0,4.900212287902832
2479,3.0085790157318115,4.061356067657471
2480,0.0,18.86607551574707
2481,2.5487358570098877,9.024003982543945
2482,0.2690024971961975,4.992886066436768
2483,0.0,4.303045749664307
2484,0.0,4.513606071472168
2485,0.0,5.666169166564941
2486,0.0,4.493869304656982
2487,0.0,4.192812919616699
2488,2.9448466300964355,6.661752223968506
2489,2.7783560752868652,4.927921295166016
2490,0.0,6.7586140632629395
2491,2.652029037475586,3.963118076324463
2492,0.0,4.953066349029541
2493,0.0,6.975847244262695
2494,5.263754844665527,2.6658618450164795
2495,0.8935144543647766,5.1842193603515625
2496,24.42740821838379,5.7533345222473145
2497,0.0,5.562146186828613
2498,0.0,4.799726963043213
2499,0.0,5.331366539001465
2500,6.170957088470459,9.211772918701172
2501,3.6261348724365234,4.955328941345215
2502,0.0,3.8411736488342285
2503,5.692723751068115,4.613927841186523
2504,0.0,5.8478875160217285
2505,0.0,5.80264949798584
2506,0.0,5.688264846801758
2507,0.0,4.3868536949157715
2508,0.0,6.292786598205566
2509,0.0,4.773548126220703
2510,0.0,7.4328718185424805
2511,0.0,4.468266487121582
2512,0.0,5.272109031677246
2513,0.0,5.59083366394043
2514,2.187169075012207,4.6405839920043945
2515,0.0,5.948157787322998
2516,0.0,8.64106559753418
2517,3.1457533836364746,7.081898212432861
2518,0.0,5.222121715545654
2519,0.0,6.770570278167725
2520,0.0,8.591352462768555
2521,0.0,24.097339630126953
2522,0.0,6.4020676612854
2523,0.0,11.379257202148438
2524,0.0,5.632648944854736
2525,0.0,4.0249152183532715
2526,6.5918684005737305,5.889225959777832
2527,4.135899543762207,4.996659278869629
2528,0.0,5.41524600982666
2529,8.68909740447998,8.7957124710083
2530,0.0,5.277182102203369
2531,6.544637203216553,6.335735321044922
2532,0.0,4.576876640319824
2533,0.0,9.941381454467773
2534,0.0,6.089194297790527
2535,0.0,3.966520071029663
2536,2.96944260597229,4.16288948059082
2537,1.9629970788955688,4.3925933837890625
2538,1.2763692140579224,6.8036580085754395
2539,9.197291374206543,3.7344117164611816
2540,6.2360453605651855,4.092623710632324
2541,5.6394429206848145,7.043320178985596
2542,0.0,4.840423107147217
2543,0.0,5.449563026428223
2544,7.16701602935791,5.330235004425049
2545,0.9154311418533325,5.093043327331543
2546,0.0,4.855985641479492
2547,2.715898036956787,7.488613128662109
2548,0.0,6.712400436401367
2549,32.437782287597656,8.105375289916992
2550,6.734366416931152,4.9984283447265625
2551,1.7908999919891357,5.667331218719482
2552,5.209263324737549,5.716085433959961
2553,0.0,5.265016078948975
2554,0.0,6.516918182373047
2555,0.0,3.2066385746002197
2556,1.808806300163269,5.277010917663574
2557,0.0,5.9018635749816895
2558,2.8324708938598633,4.776336669921875
2559,5.154726982116699,6.140188217163086
2560,5.937528133392334,4.260307788848877
2561,9.704146385192871,4.985916614532471
2562,8.193855285644531,13.66303825378418
2563,0.0,4.697983741760254
2564,3.0226173400878906,4.994919776916504
2565,4.465382517082617e-05,10.354305267333984
2566,11.126853942871094,4.825506687164307
2567,2.9604692459106445,3.55623459815979
2568,0.0,5.533811092376709
2569,6.236653804779053,6.68070650100708
2570,0.0,5.845766067504883
2571,10.704989433288574,4.205127716064453
2572,5.539340019226074,3.583219528198242
2573,0.0,5.71457576751709
2574,2.555006504058838,8.252378463745117
2575,7.86896276473999,8.391392707824707
2576,2.626574754714966,14.186698913574219
2577,0.0,6.260685920715332
2578,10.533748626708984,5.553860187530518
2579,0.3382093608379364,5.1576385498046875
2580,4.582085609436035,5.694821357727051
2581,0.0,5.857397079467773
2582,0.0,3.9286224842071533
2583,0.0,4.7065839767456055
2584,9.396588325500488,4.511056423187256
2585,0.0,4.3415985107421875
2586,5.281896591186523,3.7853472232818604
2587,0.0,3.4429304599761963
2588,4.183872222900391,5.160566329956055
2589,5.07120418548584,5.527998447418213
2590,0.0,5.711501121520996
2591,2.7667109966278076,3.9585745334625244
2592,7.494049549102783,7.240631103515625
2593,25.807140350341797,6.221170902252197
2594,5.646696090698242,3.4370458126068115
2595,0.0,4.405360698699951
2596,7.8730998039245605,6.316672325134277
2597,15.626468658447266,4.963801383972168
2598,25.744510650634766,4.126530170440674
2599,0.0,14.167205810546875
2600,3.0203640460968018,4.118478298187256
2601,7.911870956420898,4.3489885330200195
2602,0.0,2.484896659851074
2603,1.1219121217727661,4.689230918884277
2604,0.0,5.632819652557373
2605,12.536674499511719,4.461813926696777
2606,4.199215412139893,6.452683448791504
2607,0.0,4.986549377441406
2608,0.0,4.482998847961426
2609,14.453840255737305,9.53105354309082
2610,10.336877822875977,4.967041492462158
2611,0.0,4.078197479248047
2612,0.0,4.7978010177612305
2613,12.323931694030762,2.9698338508605957
2614,9.768672943115234,4.031553268432617
2615,13.214160919189453,4.939779281616211
2616,2.832472562789917,4.136206150054932
2617,0.0,5.812066078186035
2618,0.0,4.971461296081543
2619,0.0,5.270742416381836
2620,2.8711447715759277,5.263052940368652
2621,0.0,6.015538215637207
2622,0.0,10.161031723022461
2623,2.8428285121917725,6.106926441192627
2624,0.009088991209864616,4.140695571899414
2625,0.0,3.6640450954437256
2626,0.0,5.629795074462891
2627,0.0,2.4446284770965576
2628,0.0,5.534785270690918
2629,3.718266010284424,5.446363925933838
2630,3.0863068103790283,5.2544660568237305
2631,0.0,5.511417388916016
2632,0.0,2.8126628398895264
2633,0.0,11.913912773132324
2634,0.0,6.253767013549805
2635,0.0,4.44559383392334
2636,1.565871000289917,4.924640655517578
2637,0.0,5.220269203186035
2638,0.0,8.74485969543457
2639,0.0,5.707316875457764
2640,0.0,10.416694641113281
2641,0.0,5.093772888183594
2642,0.0,6.921276569366455
2643,0.0,7.763518810272217
2644,0.0,4.551261901855469
2645,2.887547016143799,6.98115348815918
2646,5.09682035446167,4.291816234588623
2647,3.146141529083252,9.814370155334473
2648,2.8987462520599365,4.3320698738098145
2649,0.0,4.062814712524414
2650,0.0,3.9836952686309814
2651,3.3622634410858154,6.5323805809021
2652,18.038660049438477,7.259044647216797
2653,0.0,6.894214630126953
2654,0.0,4.010967254638672
2655,0.0,3.6742608547210693
2656,0.07405431568622589,3.7961666584014893
2657,0.0,3.6560044288635254
2658,0.0,2.8466193675994873
2659,0.0,5.604613304138184
2660,0.0,5.317968845367432
2661,2.7525269985198975,5.7093825340271
2662,0.0,5.583246231079102
2663,0.0,7.468957901000977
2664,0.0,6.104717254638672
2665,0.0,4.688845634460449
2666,8.497958183288574,4.51423454284668
2667,2.9651811122894287,8.864531517028809
2668,0.0,3.390202760696411
2669,24.796247482299805,4.606929779052734
2670,6.972151756286621,5.295227527618408
2671,0.0,3.4142487049102783
2672,4.600521564483643,4.87868070602417
2673,0.0,4.563824653625488
2674,5.760548114776611,4.901913642883301
2675,0.0,5.246164321899414
2676,0.0,4.8397064208984375
2677,0.0,12.114811897277832
2678,0.0,5.379058837890625
2679,0.0,3.7540061473846436
2680,0.0,3.24883770942688
2681,2.5724895000457764,3.6226298809051514
2682,0.0,5.949280738830566
2683,10.907818794250488,6.858214378356934
2684,0.0,4.092049598693848
2685,0.0,6.703639030456543
2686,14.171429634094238,4.150931358337402
2687,7.174182891845703,4.72005558013916
2688,0.0,6.058063983917236
2689,4.470943927764893,7.877974510192871
2690,3.8430936336517334,4.8116278648376465
2691,5.6611809730529785,5.089376926422119
2692,0.0,4.370724201202393
2693,5.829087734222412,6.919001579284668
2694,3.0406441688537598,6.486655235290527
2695,0.0,4.118937015533447
2696,0.0,5.154713153839111
2697,8.14174747467041,4.246416091918945
2698,2.8599300384521484,3.4829723834991455
2699,0.0,3.9311678409576416
2700,0.05817469209432602,3.7723684310913086
2701,3.108212947845459,5.011332035064697
2702,6.0530009269714355,2.7373108863830566
2703,2.727691650390625,4.1610822677612305
2704,0.0,6.395966053009033
2705,4.199215412139893,8.944488525390625
2706,0.0,7.341013431549072
2707,2.016897269641049e-06,10.442821502685547
2708,7.355451583862305,4.661201477050781
2709,2.384093999862671,4.306918144226074
2710,18.563478469848633,3.280244827270508
2711,6.823374271392822,4.204629421234131
2712,3.0665786266326904,5.99007511138916
2713,0.0,7.0214643478393555
2714,8.415217399597168,4.003739356994629
2715,0.0,9.803409576416016
2716,3.0665786266326904,5.342287540435791
2717,7.108040809631348,3.5661752223968506
2718,25.892593383789062,14.297490119934082
2719,0.0,7.449032306671143
2720,0.0,4.2754693031311035
2721,0.0,2.706986427307129
2722,0.0,2.1878745555877686
2723,2.7278618812561035,6.7821173667907715
2724,0.004882685374468565,6.179714202880859
2725,0.0,6.30600643157959
2726,0.0,8.786932945251465
2727,0.0,4.500949859619141
2728,2.9525976181030273,7.273293495178223
2729,0.0,5.594849586486816
2730,0.0,2.6479740142822266
2731,7.37406587600708,4.362871170043945
2732,2.830099582672119,4.425418376922607
2733,2.7783520221710205,3.889714002609253
2734,58.32538604736328,3.871321201324463
2735,5.526732444763184,5.220545768737793
2736,10.621076583862305,4.323038101196289
2737,5.23263692855835,3.9807288646698
2738,9.020103454589844,4.467386245727539
2739,0.0,7.268625259399414
2740,5.595642566680908,5.936668872833252
2741,5.622833251953125,4.324189186096191
2742,0.0,5.024755477905273
2743,0.0,5.219841003417969
2744,0.0,5.444082736968994
2745,0.0,3.732081651687622
2746,0.0,7.440155982971191
2747,0.0,5.4566330909729
2748,0.0,4.512752532958984
2749,0.0,6.638952732086182
2750,0.0,6.810520172119141
2751,11.333362579345703,2.995633840560913
2752,0.0,6.040448188781738
2753,0.0,5.093987464904785
2754,1.529770851135254,6.62838888168335
2755,3.0477447509765625,4.370902061462402
2756,0.0,3.8170955181121826
2757,0.0,6.157967567443848
2758,4.80927038192749,5.534113883972168
2759,0.0,4.360387325286865
2760,0.0,3.62239933013916
2761,6.154865741729736,3.8431284427642822
2762,2.9124231338500977,5.598976135253906
2763,25.777507781982422,7.61507511138916
2764,23.73626708984375,4.14985466003418
2765,0.0,5.465803623199463
2766,12.080079078674316,7.259219169616699
2767,0.0,5.314910411834717
2768,0.0,5.304766654968262
2769,0.0,7.1250996589660645
2770,16.75157356262207,5.884853839874268
2771,9.389761924743652,14.537601470947266
2772,0.0,6.005561351776123
2773,0.0,4.982737064361572
2774,0.0,5.227581977844238
2775,0.0,3.361539602279663
2776,0.0,5.70993709564209
2777,2.6520299911499023,2.951892614364624
2778,3.8805668354034424,5.0221943855285645
2779,0.0,4.846721172332764
2780,0.0,7.9374260902404785
2781,0.0,5.649031639099121
2782,0.0,5.980888366699219
2783,8.274038314819336,6.921990871429443
2784,0.0,5.074404716491699
2785,3.065741777420044,4.473339557647705
2786,0.0,7.485304355621338
2787,2.5222420692443848,4.094970226287842
2788,0.0,5.561831474304199
2789,13.9493989944458,3.3465774059295654
2790,2.4892730712890625,28.55276107788086
2791,6.422375202178955,7.130611896514893
2792,0.0,6.131757736206055
2793,0.0,6.503237724304199
2794,0.0,5.908755302429199
2795,0.0,4.826904296875
2796,2.0249898433685303,7.245843410491943
2797,0.0,7.748998641967773
2798,0.0,4.471338748931885
2799,0.0,10.385509490966797
2800,25.210357666015625,5.872068405151367
2801,35.20281982421875,6.406506538391113
2802,0.0,5.192297458648682
2803,0.0,9.429192543029785
2804,0.0,5.835626602172852
2805,0.0,6.438834190368652
2806,3.5726499557495117,6.099416732788086
2807,0.0,6.12669563293457
2808,0.0,6.260709762573242
2809,0.0,7.153119087219238
2810,3.0405588150024414,4.767758846282959
2811,0.0,4.8099141120910645
2812,8.492986679077148,4.606207847595215
2813,2.8163673877716064,24.464813232421875
2814,0.0,4.839967727661133
2815,0.0,6.976856231689453
2816,0.0,4.4721856117248535
2817,2.793327808380127,5.9878129959106445
2818,0.0,8.682808876037598
2819,0.0,5.604569435119629
2820,5.78167724609375,4.807608127593994
2821,0.0,6.771045684814453
2822,0.0,6.043940544128418
2823,3.2449052333831787,5.882615089416504
2824,0.0,6.499070167541504
2825,0.0,5.846365451812744
2826,0.0,5.894722938537598
2827,0.0,8.094833374023438
2828,2.652029037475586,5.49513053894043
2829,11.747183799743652,3.993163585662842
2830,0.0,2.127619504928589
2831,0.0,4.864518165588379
2832,2.8599300384521484,7.528291702270508
2833,2.778351306915283,7.374805927276611
2834,0.0,23.177600860595703
2835,0.0,5.219789028167725
2836,0.0,8.754434585571289
2837,0.0,5.859246253967285
2838,0.0,4.535435676574707
2839,0.0,4.208641052246094
2840,0.0,6.364599227905273
2841,1.0879703760147095,2.985473871231079
2842,0.0,4.204590320587158
2843,2.727714776992798,4.310502052307129
2844,2.652026414871216,4.073278903961182
2845,0.0,5.381950855255127
2846,0.0,5.790522575378418
2847,0.0,4.534145355224609
2848,0.0,3.567620038986206
2849,0.0,17.547758102416992
2850,0.0,4.775169849395752
2851,0.0,3.5457398891448975
2852,2.6520283222198486,6.080085754394531
2853,0.0,7.383085250854492
2854,0.0,4.5874104499816895
2855,0.0,8.734655380249023
2856,0.0,27.701936721801758
2857,0.0,6.318066596984863
2858,0.0,12.689306259155273
2859,0.0,8.731792449951172
2860,6.020484447479248,4.309423446655273
